X1,X2,X3,X4,X5,X6,X7,X8,X9,X10,X11,X12,X13,X14,X15,X16
5.14,15,21627.91,1924.32,8471.51,175.24,175.24,709.63,288,637.08,2.09,1,11.17,1.03,25.32,0.5
1.14,3,1419.85,1388.02,6671.01,9.72,9.72,483.83,288,552.49,1.15,1,6.19,1.02,0.47,0.1
8.21,24,50996.8,3087.59,9314.03,438.12,438.12,938.44,288,737.21,3.58,1,18.54,1.04,61.43,1.22
5.14,15,21637.73,1924.34,8505.35,175.32,175.32,710.67,288,640.85,2.08,1,11,1.03,25.22,0.5
3.14,9,8376.33,1386.74,7069.37,60.32,60.32,575.13,288,576.87,1.39,1,7.47,1.02,11.88,0.24
5.14,15,21623.73,1924.32,8461.2,175.2,175.2,695.24,288,631.94,2.09,1,11.13,1.03,24.58,0.49
7.15,21,39002.85,2678.04,9118.96,332.36,332.36,820.61,288,686.92,2.98,1,15.65,1.04,43.83,0.87
4.16,12,14723.93,1547.47,7799.55,113.8,113.8,643.5,288,609.21,1.66,1,8.88,1.02,17.29,0.34
2.09,6,6282.73,1353.72,6810.77,24.08,24.08,618.73,288,577.24,1.31,1,7.13,1.02,21.34,0.28
2.09,6,3563.29,1384.64,6765.98,29.64,29.64,518.51,288,561.19,1.23,1,6.67,1.02,0,0.15
1.14,3,3440.66,1360.32,6598.73,8.11,8.11,551.82,288,558.6,1.22,1,6.64,1.02,13.7,0.2
6.18,18,29762.23,2306.78,8799.23,245.98,245.98,764,288,663.54,2.51,1,13.24,1.03,33.7,0.67
5.14,15,21636.93,1924.32,8496.61,175.28,175.28,729.5,288,645.27,2.08,1,11.17,1.03,26.26,0.52
5.14,15,21636.98,1924.34,8502.48,175.29,175.29,710.56,288,640.53,2.08,1,11.02,1.03,25.23,0.5
8.21,24,50994.85,3087.56,9322.51,438.01,438.01,929.16,288,737.09,3.56,1,18.25,1.04,60.41,1.2
2.09,6,3735.67,1386.74,6790.89,30.04,30.04,520.73,288,561.89,1.24,1,6.66,1.02,0,0.15
9.3,27,72778.58,3560.43,9777.91,645.05,645.05,1081.88,288,781.1,4.49,1,22.36,1.05,89.35,1.77
9.3,27,72757.94,3560.37,9727.01,645,645,1057.71,288,771.41,4.55,1,22.99,1.05,88.3,1.75
9.3,27,72777.25,3560.42,9783.11,644.98,644.98,1090.5,288,783.6,4.49,1,22.38,1.05,90.03,1.78
3.14,9,8376.89,1386.75,7076.64,60.33,60.33,583,288,579.49,1.39,1,7.5,1.02,12.19,0.24
2.09,6,2853.03,1362.84,6831.22,25.62,25.62,502.02,288,559.28,1.2,1,6.42,1.02,10.46,0.13
2.09,6,5898.56,1350.01,6835.75,23.4,23.4,603.9,288,575.2,1.29,1,7,1.02,22.26,0.26
9.3,27,72778.89,3560.41,9765.8,645.02,645.02,1062.85,288,775.45,4.5,1,22.35,1.05,87.85,1.74
1.14,3,5914.32,1396.76,6703.66,10.21,10.21,596.73,288,567.73,1.3,1,6.95,1.02,0,0.25
7.15,21,38994.99,2678.07,9124.79,332.35,332.35,820.1,288,688.18,2.98,1,15.54,1.04,43.67,0.87
9.3,27,72763.28,3560.38,9740,644.71,644.71,1064.63,288,773.96,4.54,1,22.85,1.05,88.67,1.76
7.15,21,38982.38,2678.09,9136.6,332.11,332.11,817.72,288,690.35,2.96,1,15.31,1.04,43.26,0.86
3.14,9,8377.67,1386.75,7089.18,60.33,60.33,589.41,288,581.85,1.39,1,7.52,1.02,12.44,0.25
1.14,3,3903.33,1414.09,6708.93,11.24,11.24,540.63,288,560,1.24,1,6.61,1.02,0,0.18
7.15,21,39007.55,2678.01,9116.11,332.37,332.37,818.41,288,685.6,2.99,1,15.68,1.04,43.74,0.87
4.16,12,14719.62,1547.46,7744.14,113.76,113.76,627.47,288,602.55,1.66,1,8.87,1.02,16.61,0.33
1.14,3,5741.71,1401.35,6717.94,10.55,10.55,600.88,288,570.23,1.3,1,6.96,1.02,0,0.25
9.3,27,72775.21,3560.42,9773.68,645.11,645.11,1084.17,288,781.28,4.5,1,22.47,1.05,89.69,1.78
8.21,24,50995.07,3087.5,9310.11,438.02,438.02,939.95,288,736.6,3.59,1,18.64,1.04,61.66,1.22
9.3,27,72765.74,3560.4,9776.96,644.76,644.76,1107.47,288,787.03,4.5,1,22.73,1.05,91.81,1.82
3.14,9,8376.6,1386.74,7078.22,60.33,60.33,568,288,575.04,1.39,1,7.42,1.02,11.58,0.23
9.3,27,72765.76,3560.4,9766.03,645.09,645.09,1094.99,288,783.22,4.51,1,22.77,1.05,90.92,1.8
8.21,24,50986.19,3087.18,9297.66,437.89,437.89,928.82,288,730.73,3.6,1,18.75,1.04,61.08,1.21
3.14,9,8378.49,1386.75,7113.33,60.35,60.35,577.32,288,579.11,1.39,1,7.43,1.02,11.94,0.24
9.3,27,72775.63,3560.42,9760.91,645.07,645.07,1061.24,288,774.66,4.51,1,22.42,1.05,87.82,1.74
1.14,3,4172.77,1417.14,6737.96,11.56,11.56,568.71,288,568.27,1.25,1,6.74,1.02,0,0.2
7.15,21,38984.24,2678.08,9133.04,332.24,332.24,829.71,288,692.94,2.96,1,15.47,1.04,44.16,0.87
9.3,27,72768.95,3560.4,9747.34,644.9,644.9,1059.62,288,773.22,4.53,1,22.65,1.05,88.01,1.74
9.3,27,72781.98,3560.55,9794.21,644.88,644.88,1092.38,288,785.09,4.47,1,22.18,1.05,89.9,1.78
9.3,27,72766.01,3560.4,9751.04,644.8,644.8,1073.52,288,776.92,4.52,1,22.76,1.05,89.25,1.77
3.14,9,8377.58,1386.75,7090.97,60.34,60.34,581.95,288,579.69,1.39,1,7.48,1.02,12.14,0.24
2.09,6,2957.74,1371.02,6851.43,27.13,27.13,498.59,288,559.34,1.2,1,6.41,1.02,5.92,0.13
7.15,21,39002.25,2678.04,9118.86,332.31,332.31,825.63,288,688.33,2.98,1,15.69,1.04,44.18,0.88
6.18,18,29761.44,2306.83,8795.29,245.97,245.97,777.99,288,667.18,2.51,1,13.36,1.03,34.57,0.69
7.15,21,39003.07,2678.05,9121.35,332.36,332.36,797.08,288,680.69,2.98,1,15.42,1.04,42.14,0.83
9.3,27,72764.47,3560.4,9771.44,644.85,644.85,1103.71,288,785.7,4.5,1,22.78,1.05,91.6,1.81
6.18,18,29793.53,2307.35,8829.77,246.23,246.23,780.09,288,670.78,2.5,1,13.2,1.03,34.53,0.68
4.16,12,14719.53,1547.45,7729.96,113.74,113.74,642.22,288,606.05,1.66,1,8.99,1.02,17.31,0.34
5.14,15,21637.25,1924.34,8502.67,175.31,175.31,715.04,288,641.82,2.08,1,11.05,1.03,25.47,0.5
1.14,3,397.46,1346.88,6659.18,7.34,7.34,454.6,288,545.69,1.1,1,5.91,1.02,8.54,0.08
6.18,18,29761.96,2306.84,8790.11,245.95,245.95,765.85,288,663.26,2.52,1,13.3,1.03,33.86,0.67
9.3,27,72776.05,3560.41,9763.37,645.05,645.05,1065.38,288,775.87,4.51,1,22.43,1.05,88.15,1.75
1.14,3,1150.1,1380.74,6681.84,9.25,9.25,466.92,288,548.27,1.13,1,6.06,1.02,0,0.09
3.14,9,8373.94,1386.72,7023.22,60.29,60.29,576.22,288,575.53,1.39,1,7.53,1.02,11.95,0.24
3.14,9,8374.63,1386.73,7033.3,60.31,60.31,580.83,288,577.27,1.39,1,7.54,1.02,12.13,0.24
8.21,24,50994.81,3087.56,9326,437.97,437.97,928.93,288,737.95,3.56,1,18.17,1.04,60.29,1.19
5.14,15,21625.09,1924.33,8467.47,175.21,175.21,691.53,288,631.52,2.09,1,11.07,1.03,24.35,0.48
5.14,15,21635.54,1924.32,8492.64,175.32,175.32,725.79,288,643.82,2.08,1,11.17,1.03,26.08,0.52
7.15,21,38997.42,2678.06,9122.84,332.26,332.26,820.81,288,687.91,2.98,1,15.58,1.04,43.76,0.87
3.14,9,8379.96,1386.76,7137.71,60.37,60.37,585.92,288,582.56,1.39,1,7.44,1.02,12.28,0.24
1.14,3,1117.49,1382.75,6743.22,9.42,9.42,466.82,288,550.23,1.13,1,6.01,1.02,0,0.09
6.18,18,29787.6,2307.54,8815.15,246.16,246.16,789.04,288,672.02,2.51,1,13.34,1.03,35.14,0.7
1.14,3,2926.89,1415.12,6722.74,11.39,11.39,527.44,288,561.07,1.21,1,6.49,1.02,0,0.16
2.09,6,2899.89,1358.6,6837.88,24.86,24.86,505.82,288,559.93,1.2,1,6.42,1.02,12.73,0.14
2.09,6,4563.86,1343.96,6783.87,22.28,22.28,571.71,288,568.96,1.25,1,6.83,1.02,23.94,0.22
3.14,9,8379,1386.76,7118.47,60.35,60.35,586.06,288,581.91,1.39,1,7.46,1.02,12.29,0.24
1.14,3,658.34,1367.74,6692.76,8.62,8.62,470.41,288,552.41,1.11,1,6.03,1.02,0,0.09
1.14,3,1649.06,1395.41,6694.39,10.12,10.12,481.93,288,551.45,1.16,1,6.18,1.02,0,0.11
5.14,15,21625.23,1924.32,8466.65,175.25,175.25,696.8,288,632.94,2.09,1,11.11,1.03,24.64,0.49
5.14,15,21634.37,1924.35,8498.18,175.32,175.32,698.2,288,636.56,2.08,1,10.96,1.03,24.58,0.49
4.16,12,14722.06,1547.46,7767.19,113.77,113.77,645.94,288,608.58,1.66,1,8.95,1.02,17.44,0.35
6.18,18,29761.84,2306.77,8804.48,245.93,245.93,772.88,288,666.54,2.51,1,13.27,1.03,34.21,0.68
3.14,9,8374.76,1386.73,7039.68,60.31,60.31,574.37,288,575.58,1.39,1,7.5,1.02,11.86,0.24
6.18,18,29793.05,2307.38,8829.15,246.22,246.22,792.64,288,674.27,2.5,1,13.3,1.03,35.29,0.7
6.18,18,29761.29,2306.85,8790.19,245.94,245.94,778.7,288,666.92,2.51,1,13.39,1.03,34.65,0.69
7.15,21,38992.98,2678.07,9125.68,332.2,332.2,826.42,288,690.21,2.97,1,15.57,1.04,44.09,0.87
1.14,3,890.88,1372.67,6679.36,8.81,8.81,464.13,288,548.56,1.12,1,6.03,1.02,0,0.08
4.16,12,14724.12,1547.47,7799.86,113.8,113.8,644.83,288,609.59,1.66,1,8.89,1.02,17.35,0.34
1.14,3,5264.98,1405.27,6710.23,10.74,10.74,581.74,288,566.48,1.28,1,6.87,1.02,0,0.23
7.15,21,39002.71,2678.04,9119.53,332.32,332.32,816.28,288,685.81,2.98,1,15.6,1.04,43.52,0.86
9.3,27,72775.58,3560.4,9756.84,644.95,644.95,1058.83,288,773.74,4.52,1,22.47,1.05,87.69,1.74
2.09,6,4747.14,1344.03,6795.83,22.31,22.31,576.54,288,570.03,1.26,1,6.85,1.02,23.96,0.23
6.18,18,29797.06,2307.26,8842.87,246.31,246.31,784.85,288,673.28,2.5,1,13.16,1.03,34.75,0.69
2.09,6,5425.21,1394.11,6822.74,31.49,31.49,558.95,288,567.33,1.29,1,6.91,1.02,0,0.2
1.14,3,6325.59,1326.28,6702.63,6.33,6.33,649.2,288,575.73,1.29,1,7.01,1.02,28.28,0.32
3.14,9,8378.02,1386.75,7096.26,60.33,60.33,589.51,288,582.14,1.39,1,7.51,1.02,12.44,0.25
7.15,21,38998.61,2678.06,9121.86,332.37,332.37,821.18,288,687.78,2.98,1,15.6,1.04,43.81,0.87
3.14,9,8377.01,1386.75,7074.79,60.33,60.33,590.48,288,581.65,1.39,1,7.54,1.02,12.49,0.25
9.3,27,72764.92,3560.4,9763.69,644.85,644.85,1092.7,288,782.5,4.51,1,22.78,1.05,90.77,1.8
9.3,27,72762.99,3560.38,9747.76,644.77,644.77,1079.03,288,778.04,4.53,1,22.89,1.05,89.86,1.78
9.3,27,72770.01,3560.41,9766.63,645.1,645.1,1087.13,288,781.4,4.51,1,22.65,1.05,90.16,1.79
9.3,27,72769.66,3560.43,9774.31,644.85,644.85,1093.11,288,783.45,4.5,1,22.58,1.05,90.52,1.79
9.3,27,72775.55,3560.4,9750.93,644.85,644.85,1049.6,288,771,4.52,1,22.46,1.05,86.95,1.72
4.16,12,14720.26,1547.46,7756.22,113.76,113.76,623.7,288,601.98,1.66,1,8.83,1.02,16.42,0.33
6.18,18,29796.48,2307.27,8840.73,246.35,246.35,785.4,288,673.25,2.5,1,13.18,1.03,34.79,0.69
5.14,15,21625.37,1924.34,8470.09,175.26,175.26,685.89,288,630.18,2.09,1,11.02,1.03,24.04,0.48
3.14,9,8375.23,1386.74,7040.65,60.31,60.31,587.54,288,579.52,1.39,1,7.57,1.02,12.39,0.25
9.3,27,72776.91,3560.4,9752.85,644.81,644.81,1049.84,288,771.2,4.52,1,22.43,1.05,86.93,1.72
8.21,24,50983.72,3087.11,9294.88,438.01,438.01,925.55,288,729.22,3.61,1,18.77,1.04,60.88,1.21
2.09,6,2897.76,1370.37,6800.22,26.99,26.99,502.55,288,559.32,1.2,1,6.48,1.02,6.23,0.13
4.16,12,14722.79,1547.46,7774.61,113.78,113.78,650,288,609.99,1.66,1,8.97,1.02,17.61,0.35
5.14,15,21632.27,1924.32,8483.79,175.25,175.25,716.42,288,640.27,2.08,1,11.15,1.03,25.62,0.51
7.15,21,38985.1,2678.08,9133.1,332.24,332.24,823,288,691.03,2.96,1,15.42,1.04,43.7,0.87
6.18,18,29793.25,2307.34,8827.07,246.25,246.25,760.02,288,664.79,2.5,1,13.07,1.03,33.32,0.66
9.3,27,72770.08,3560.39,9742.49,644.79,644.79,1051.5,288,770.85,4.53,1,22.64,1.05,87.34,1.73
9.3,27,72778,3560.41,9766.07,644.83,644.83,1064.79,288,775.95,4.5,1,22.37,1.05,88.03,1.74
9.3,27,72774.67,3560.43,9774.8,645.07,645.07,1085.31,288,781.64,4.5,1,22.47,1.05,89.77,1.78
6.18,18,29793.11,2307.35,8827.3,246.22,246.22,769.44,288,667.52,2.5,1,13.13,1.03,33.9,0.67
5.14,15,21628.6,1924.31,8472.52,175.23,175.23,713.13,288,638.17,2.09,1,11.19,1.03,25.5,0.51
5.14,15,21626.48,1924.34,8474.62,175.22,175.22,685.53,288,630.53,2.09,1,10.99,1.03,24,0.48
9.3,27,72766.07,3560.39,9746.3,645,645,1067.2,288,775.03,4.53,1,22.77,1.05,88.76,1.76
5.14,15,21629.11,1924.31,8472.68,175.24,175.24,719.15,288,639.89,2.09,1,11.23,1.03,25.82,0.51
3.14,9,8373.25,1386.72,7003.29,60.28,60.28,582.56,288,576.67,1.39,1,7.59,1.02,12.22,0.24
3.14,9,8376.94,1386.75,7084.2,60.33,60.33,571.68,288,576.37,1.39,1,7.43,1.02,11.73,0.23
5.14,15,21639.15,1924.36,8512.8,175.34,175.34,706.05,288,640.29,2.07,1,10.93,1.03,24.94,0.49
8.21,24,50992.89,3087.45,9300.2,437.99,437.99,898.93,288,723.58,3.59,1,18.36,1.04,58.56,1.16
5.14,15,21639.63,1924.35,8513.87,175.36,175.36,708.05,288,640.97,2.07,1,10.94,1.03,25.04,0.5
9.3,27,72767.2,3560.41,9773.86,644.89,644.89,1101.02,288,785.27,4.5,1,22.7,1.05,91.29,1.81
4.16,12,14725.72,1547.48,7824.69,113.8,113.8,645.94,288,610.88,1.65,1,8.86,1.02,17.37,0.34
3.14,9,8379.09,1386.76,7117.09,60.35,60.35,592.33,288,583.73,1.39,1,7.5,1.02,12.54,0.25
4.16,12,14721.71,1547.46,7774.4,113.78,113.78,628.51,288,604.04,1.66,1,8.83,1.02,16.63,0.33
1.14,3,5698.05,1352.47,6635.47,7.71,7.71,625,288,570.56,1.29,1,7.03,1.02,18.05,0.28
5.14,15,21631.3,1924.34,8486.88,175.3,175.3,696.37,288,634.89,2.08,1,11,1.03,24.53,0.49
9.3,27,72766.28,3560.39,9738.93,645,645,1054.94,288,771.47,4.54,1,22.75,1.05,87.76,1.74
1.14,3,4026.21,1417.5,6737.81,11.59,11.59,565.25,288,568.1,1.24,1,6.72,1.02,0,0.2
7.15,21,38986.96,2678.08,9131.64,332.21,332.21,821.01,288,690.1,2.97,1,15.43,1.04,43.59,0.86
4.16,12,14720.49,1547.45,7737.92,113.76,113.76,650.28,288,608.57,1.66,1,9.03,1.02,17.67,0.35
8.21,24,50995.51,3087.52,9311.32,438.11,438.11,941.27,288,737.24,3.58,1,18.63,1.04,61.74,1.22
9.3,27,72777.31,3560.42,9770.23,644.82,644.82,1073.99,288,778.53,4.5,1,22.41,1.05,88.8,1.76
5.14,15,21629.92,1924.32,8478.85,175.25,175.25,707.83,288,637.33,2.08,1,11.12,1.03,25.19,0.5
6.18,18,29765.75,2306.89,8809.6,245.96,245.96,754.93,288,661.84,2.51,1,13.11,1.03,33.09,0.66
7.15,21,38978.84,2678.08,9139.02,332.06,332.06,827.73,288,693.83,2.96,1,15.35,1.04,43.9,0.87
1.14,3,1747.78,1397.77,6697.92,10.27,10.27,486.28,288,552.57,1.16,1,6.21,1.02,0,0.11
1.14,3,323.11,1341.25,6703.41,7.04,7.04,449.62,288,545.08,1.1,1,5.83,1.02,9.46,0.08
2.09,6,3971.11,1388.81,6842.31,30.45,30.45,521.3,288,562.66,1.24,1,6.63,1.02,0,0.15
9.3,27,72761.99,3560.39,9752.64,644.77,644.77,1085.46,288,779.95,4.52,1,22.89,1.05,90.36,1.79
8.21,24,50995.31,3087.56,9313.75,437.96,437.96,932.23,288,735.59,3.58,1,18.47,1.04,60.92,1.21
7.15,21,39019.75,2677.89,9108.84,332.59,332.59,822.17,288,684.92,3,1,15.84,1.04,44.16,0.87
9.3,27,72768.56,3560.41,9766.97,645,645,1089.15,288,781.91,4.51,1,22.67,1.05,90.34,1.79
8.21,24,50994.71,3087.54,9316.36,438.12,438.12,927.71,288,735.12,3.57,1,18.36,1.04,60.47,1.2
7.15,21,39009.31,2677.99,9113.95,332.38,332.38,829.24,288,688.17,2.99,1,15.81,1.04,44.53,0.88
4.16,12,14724.25,1547.47,7809.04,113.8,113.8,636.56,288,607.66,1.66,1,8.82,1.02,16.96,0.34
6.18,18,29791.29,2307.43,8820.98,246.2,246.2,769.53,288,666.99,2.51,1,13.17,1.03,33.94,0.67
6.18,18,29790.49,2307.47,8819.09,246.27,246.27,778.1,288,669.27,2.51,1,13.24,1.03,34.47,0.68
2.09,6,6665.55,1385.68,6762.4,29.91,29.91,596.91,288,570.4,1.33,1,7.2,1.02,3.45,0.25
1.14,3,2504.76,1362.86,6606.61,8.19,8.19,511.39,288,551.68,1.18,1,6.4,1.02,9.91,0.15
6.18,18,29793.33,2307.38,8830.43,246.22,246.22,798.17,288,675.94,2.5,1,13.33,1.03,35.61,0.71
8.21,24,50997.92,3087.63,9320.04,438,438,947.94,288,741.11,3.57,1,18.55,1.04,62.05,1.23
9.3,27,72782.76,3560.49,9793.79,645.14,645.14,1090.35,288,784.58,4.47,1,22.16,1.05,89.72,1.78
9.3,27,72770.72,3560.42,9779.32,644.92,644.92,1099.8,288,785.44,4.49,1,22.58,1.05,91.02,1.8
3.14,9,8374.91,1386.73,7038.66,60.3,60.3,578.02,288,576.63,1.39,1,7.52,1.02,12.01,0.24
2.09,6,5909.9,1393.04,6775.54,31.28,31.28,575.86,288,568.6,1.31,1,7.07,1.02,0,0.22
5.14,15,21626.32,1924.32,8467.72,175.23,175.23,704.61,288,635.27,2.09,1,11.16,1.03,25.06,0.5
6.18,18,29763.01,2306.74,8802.35,245.95,245.95,749.92,288,659.76,2.51,1,13.12,1.03,32.82,0.65
7.15,21,39010.53,2677.99,9114.17,332.45,332.45,819.18,288,685.35,2.99,1,15.72,1.04,43.83,0.87
7.15,21,38987.02,2678.07,9128.95,332.22,332.22,841.32,288,695.27,2.97,1,15.63,1.04,45.04,0.89
2.09,6,3910.55,1344.83,6775.02,22.41,22.41,552.08,288,565.74,1.23,1,6.71,1.02,22.55,0.2
8.21,24,50993.8,3087.49,9306.23,438.08,438.08,913.86,288,728.98,3.59,1,18.41,1.04,59.62,1.18
8.21,24,50994.87,3087.5,9308.07,438.07,438.07,936.26,288,735.17,3.59,1,18.63,1.04,61.41,1.22
8.21,24,50994.32,3087.53,9319.37,438.05,438.05,922.26,288,734.51,3.57,1,18.23,1.04,59.94,1.19
3.14,9,8379.14,1386.76,7116.55,60.35,60.35,594.87,288,584.47,1.39,1,7.51,1.02,12.64,0.25
7.15,21,38995.32,2678.07,9125.4,332.3,332.3,812.5,288,686.13,2.98,1,15.47,1.04,43.13,0.85
4.16,12,14720.31,1547.46,7758.19,113.76,113.76,622.87,288,601.82,1.66,1,8.82,1.02,16.38,0.32
8.21,24,50993.23,3087.46,9300.67,438.09,438.09,905.62,288,725.45,3.59,1,18.43,1.04,59.1,1.17
4.16,12,14723.09,1547.47,7792.88,113.79,113.79,633.39,288,606.14,1.66,1,8.83,1.02,16.83,0.33
5.14,15,21624.88,1924.33,8466.58,175.21,175.21,692.47,288,631.7,2.09,1,11.08,1.03,24.41,0.48
2.09,6,6289.43,1389.84,6804.42,30.7,30.7,581.42,288,569.52,1.32,1,7.07,1.02,0.53,0.23
4.16,12,14719.62,1547.46,7742.42,113.74,113.74,629.61,288,603.07,1.66,1,8.89,1.02,16.71,0.33
8.21,24,50990.44,3087.33,9302.04,437.94,437.94,932.37,288,732.7,3.6,1,18.71,1.04,61.25,1.21
2.09,6,3913.41,1345.4,6819.08,22.52,22.52,546.43,288,565.61,1.23,1,6.64,1.02,21.97,0.19
5.14,15,21637,1924.33,8500.85,175.31,175.31,716.97,288,642.18,2.08,1,11.07,1.03,25.58,0.51
2.09,6,4647.35,1393.46,6838.43,31.35,31.35,538.2,288,565.09,1.27,1,6.76,1.02,0,0.17
7.15,21,38990.8,2678.07,9125.45,332.29,332.29,843.47,288,695.02,2.97,1,15.71,1.04,45.26,0.9
1.14,3,967.72,1317.53,6701.54,5.81,5.81,492.11,288,551.9,1.12,1,6.01,1.02,24.09,0.13
1.14,3,7107.82,1341.28,6710.1,7.17,7.17,667.12,288,578.95,1.32,1,7.16,1.02,22.21,0.33
3.14,9,8377.51,1386.75,7083.48,60.34,60.34,593.55,288,582.88,1.39,1,7.55,1.02,12.61,0.25
3.14,9,8373.92,1386.72,7020.73,60.3,60.3,577.01,288,575.67,1.39,1,7.54,1.02,11.98,0.24
1.14,3,3297.69,1377.22,6607.18,9.06,9.06,536.74,288,556.39,1.22,1,6.59,1.02,7.3,0.18
4.16,12,14724.44,1547.47,7809.36,113.79,113.79,637.87,288,608.04,1.66,1,8.83,1.02,17.02,0.34
5.14,15,21632.78,1924.33,8488.26,175.28,175.28,710.08,288,638.94,2.08,1,11.09,1.03,25.27,0.5
3.14,9,8375.03,1386.74,7039.47,60.3,60.3,583.37,288,578.25,1.39,1,7.55,1.02,12.23,0.24
2.09,6,6184.66,1352.65,6766.94,23.83,23.83,583.62,288,565.88,1.3,1,7,1.02,20.26,0.25
2.09,6,4965.61,1394.64,6797.03,31.57,31.57,550.14,288,565.8,1.28,1,6.88,1.02,0,0.19
4.16,12,14721.03,1547.46,7753.38,113.77,113.77,641.87,288,606.9,1.66,1,8.95,1.02,17.27,0.34
6.18,18,29798.54,2307.21,8852.13,246.4,246.4,775.17,288,671.33,2.49,1,13.04,1.03,34.11,0.68
5.14,15,21629.07,1924.34,8481.19,175.28,175.28,691.89,288,633.03,2.08,1,11,1.03,24.31,0.48
1.14,3,4454.93,1411.78,6692.6,11.17,11.17,572.53,288,566.47,1.26,1,6.81,1.02,0,0.21
1.14,3,1433.32,1387.75,6669.38,9.68,9.68,481.95,288,551.71,1.15,1,6.18,1.02,0.56,0.1
7.15,21,38991.6,2678.07,9126.09,332.28,332.28,832.15,288,691.95,2.97,1,15.61,1.04,44.47,0.88
1.14,3,1154.34,1316.51,6692.6,5.73,5.73,495.07,288,551.46,1.13,1,6.04,1.02,24.88,0.14
6.18,18,29792.54,2307.37,8825.07,246.25,246.25,765.25,288,666.12,2.5,1,13.11,1.03,33.66,0.67
3.14,9,8375.83,1386.74,7056.43,60.32,60.32,580.27,288,577.95,1.39,1,7.51,1.02,12.09,0.24
2.09,6,4824.72,1394.28,6805.8,31.5,31.5,546.75,288,565.76,1.27,1,6.85,1.02,0,0.18
4.16,12,14722.42,1547.46,7769.76,113.77,113.77,647.74,288,609.18,1.66,1,8.96,1.02,17.51,0.35
9.3,27,72772.21,3560.41,9758.15,644.83,644.83,1068.55,288,776.23,4.52,1,22.57,1.05,88.59,1.75
9.3,27,72759.18,3560.37,9732.69,645.05,645.05,1063,288,773.09,4.55,1,22.96,1.05,88.68,1.76
5.14,15,21625.6,1924.32,8464.99,175.22,175.22,704.55,288,634.97,2.09,1,11.17,1.03,25.07,0.5
6.18,18,29790.32,2307.49,8819.41,246.23,246.23,789.52,288,672.53,2.51,1,13.32,1.03,35.16,0.7
9.3,27,72769.98,3560.41,9772.38,645.09,645.09,1092.85,288,783.22,4.5,1,22.62,1.05,90.55,1.79
4.16,12,14719.87,1547.45,7732.68,113.75,113.75,645.34,288,607.01,1.66,1,9.01,1.02,17.45,0.35
2.09,6,6812.26,1363.57,6826.03,25.89,25.89,631.86,288,580.18,1.32,1,7.22,1.02,16.83,0.29
3.14,9,8378.8,1386.76,7117.59,60.35,60.35,579.43,288,579.89,1.39,1,7.43,1.02,12.02,0.24
4.16,12,14724.89,1547.47,7813.23,113.81,113.81,644.94,288,610.15,1.66,1,8.87,1.02,17.34,0.34
9.3,27,72761.65,3560.37,9729.67,645.06,645.06,1053.14,288,770.42,4.55,1,22.89,1.05,87.8,1.74
9.3,27,72770.69,3560.41,9761.48,645.12,645.12,1078.64,288,778.95,4.51,1,22.63,1.05,89.48,1.77
3.14,9,8381.08,1386.77,7158.98,60.38,60.38,588.76,288,584.16,1.39,1,7.43,1.02,12.38,0.25
9.3,27,72768.52,3560.39,9742.93,644.76,644.76,1055.34,288,771.84,4.53,1,22.68,1.05,87.7,1.74
7.15,21,38983.21,2678.09,9131.91,332.19,332.19,850.6,288,698.64,2.96,1,15.65,1.04,45.61,0.9
8.21,24,50994.39,3087.51,9307.58,438.08,438.08,924.78,288,732.13,3.59,1,18.51,1.04,60.48,1.2
4.16,12,14718.21,1547.45,7726.17,113.74,113.74,621.44,288,600.14,1.66,1,8.86,1.02,16.35,0.32
3.14,9,8379.15,1386.76,7120.49,60.35,60.35,587.76,288,582.49,1.39,1,7.47,1.02,12.36,0.25
1.14,3,3051.35,1336.39,6615.51,6.71,6.71,538.88,288,554.88,1.2,1,6.47,1.02,22.76,0.19
8.21,24,50993.66,3087.5,9313.91,438.07,438.07,911.04,288,730.21,3.57,1,18.22,1.04,59.18,1.17
6.18,18,29790.62,2307.45,8817.61,246.27,246.27,755.47,288,662.65,2.51,1,13.08,1.03,33.1,0.66
8.21,24,50994.34,3087.51,9307.72,437.97,437.97,926.5,288,732.6,3.59,1,18.52,1.04,60.62,1.2
4.16,12,14718.88,1547.45,7717.78,113.75,113.75,644.86,288,606.27,1.66,1,9.03,1.02,17.44,0.35
3.14,9,8380.17,1386.76,7138.73,60.37,60.37,592.66,288,584.61,1.39,1,7.47,1.02,12.54,0.25
7.15,21,38997.82,2678.07,9124.59,332.27,332.27,803.1,288,683.21,2.98,1,15.41,1.04,42.49,0.84
4.16,12,14721.3,1547.46,7751.07,113.77,113.77,651.68,288,609.49,1.66,1,9.02,1.02,17.72,0.35
3.14,9,8374.84,1386.73,7042.87,60.31,60.31,571.19,288,574.74,1.39,1,7.48,1.02,11.73,0.23
8.21,24,50996.97,3087.61,9321.79,438.02,438.02,935.64,288,738.52,3.57,1,18.34,1.04,60.97,1.21
8.21,24,50993.89,3087.51,9315.72,438,438,914.76,288,731.64,3.57,1,18.22,1.04,59.43,1.18
2.09,6,3672.76,1385.4,6835.16,29.8,29.8,514.43,288,561.55,1.23,1,6.58,1.02,0,0.14
3.14,9,8375.99,1386.74,7057.33,60.31,60.31,585.66,288,579.58,1.39,1,7.54,1.02,12.31,0.24
9.3,27,72771.59,3560.43,9784.7,645.12,645.12,1103.61,288,786.8,4.49,1,22.52,1.05,91.23,1.81
2.09,6,6213.81,1390.41,6816.26,30.81,30.81,578.88,288,569.58,1.32,1,7.05,1.02,0.09,0.23
5.14,15,21623.78,1924.31,8457.83,175.21,175.21,710.84,288,636,2.09,1,11.26,1.03,25.44,0.5
4.16,12,14721.06,1547.46,7750.24,113.76,113.76,647.64,288,608.36,1.66,1,8.99,1.02,17.53,0.35
6.18,18,29762.61,2306.76,8800.26,246,246,756.67,288,661.52,2.51,1,13.18,1.03,33.25,0.66
6.18,18,29762.72,2306.75,8801.3,245.95,245.95,754.05,288,660.86,2.51,1,13.15,1.03,33.08,0.66
3.14,9,8374.5,1386.73,7026.91,60.3,60.3,587.38,288,578.97,1.39,1,7.59,1.02,12.4,0.25
1.14,3,3796.26,1334.46,6619.62,6.65,6.65,568.63,288,560.35,1.22,1,6.63,1.02,24.24,0.22
6.18,18,29781.49,2307.39,8814.61,246.17,246.17,772.74,288,667.36,2.51,1,13.22,1.03,34.16,0.68
9.3,27,72765.08,3560.38,9740.69,644.74,644.74,1061.81,288,773.31,4.54,1,22.8,1.05,88.38,1.75
7.15,21,38993.51,2678.08,9127.4,332.31,332.31,808.55,288,685.47,2.97,1,15.4,1.04,42.82,0.85
4.16,12,14718.89,1547.45,7733.16,113.73,113.73,625.29,288,601.5,1.66,1,8.88,1.02,16.52,0.33
6.18,18,29764.22,2306.85,8808.55,245.95,245.95,763.78,288,664.3,2.51,1,13.18,1.03,33.64,0.67
2.09,6,4615.05,1344.25,6757.84,22.28,22.28,541.72,288,558.82,1.25,1,6.71,1.02,22.35,0.2
9.3,27,72773.21,3560.43,9777.8,644.78,644.78,1091.65,288,783.4,4.49,1,22.5,1.05,90.29,1.79
3.14,9,8373.92,1386.72,7016.12,60.29,60.29,585.18,288,577.92,1.39,1,7.59,1.02,12.31,0.24
4.16,12,14718.03,1547.45,7723.79,113.74,113.74,619.74,288,599.57,1.66,1,8.86,1.02,16.28,0.32
8.21,24,50995.17,3087.56,9318.22,437.97,437.97,931.51,288,736.56,3.57,1,18.37,1.04,60.73,1.2
6.18,18,29762.35,2306.75,8802.28,245.94,245.94,760.78,288,662.89,2.51,1,13.2,1.03,33.49,0.66
4.16,12,14724.47,1547.47,7801.11,113.79,113.79,650.19,288,611.11,1.66,1,8.92,1.02,17.59,0.35
1.14,3,431.23,1333.26,6690.08,6.58,6.58,454.47,288,544.34,1.1,1,5.85,1.02,14.45,0.09
4.16,12,14716.2,1547.44,7693.24,113.71,113.71,635.99,288,602.83,1.67,1,9.02,1.02,17.07,0.34
5.14,15,21635.87,1924.35,8502.95,175.29,175.29,699.34,288,637.37,2.08,1,10.94,1.03,24.62,0.49
8.21,24,50993.39,3087.48,9308.17,438.08,438.08,907.05,288,727.71,3.58,1,18.29,1.04,59.01,1.17
9.3,27,72769.14,3560.39,9741.61,645.06,645.06,1052.35,288,771.01,4.53,1,22.66,1.05,87.45,1.73
1.14,3,1164.76,1315.26,6693.49,5.68,5.68,498.51,288,552.36,1.13,1,6.05,1.02,25.69,0.14
4.16,12,14718.48,1547.45,7719.98,113.75,113.75,633.86,288,603.34,1.66,1,8.96,1.02,16.94,0.34
1.14,3,4026.56,1330.33,6623.74,6.47,6.47,584.56,288,563.7,1.23,1,6.7,1.02,26.16,0.24
9.3,27,72766.04,3560.4,9769.54,644.73,644.73,1098.44,288,784.31,4.51,1,22.75,1.05,91.16,1.8
2.09,6,3598.39,1384.72,6813,29.67,29.67,515.38,288,561.59,1.23,1,6.61,1.02,0,0.14
3.14,9,8380.19,1386.76,7135.64,60.37,60.37,596.01,288,585.5,1.39,1,7.49,1.02,12.68,0.25
1.14,3,4470.98,1371.08,6616.69,8.72,8.72,574.78,288,562.42,1.25,1,6.81,1.02,8.19,0.22
4.16,12,14723.53,1547.46,7781.02,113.79,113.79,659.11,288,612.74,1.66,1,9.01,1.02,18.02,0.36
8.21,24,50996.93,3087.6,9314.64,438.12,438.12,939.11,288,737.54,3.58,1,18.54,1.04,61.47,1.22
4.16,12,14718.65,1547.45,7734.43,113.74,113.74,620.63,288,600.25,1.66,1,8.84,1.02,16.3,0.32
9.3,27,72767.91,3560.41,9752.52,644.91,644.91,1069.81,288,776.12,4.52,1,22.69,1.05,88.86,1.76
7.15,21,39000.18,2678.05,9120.91,332.41,332.41,819.88,288,687.18,2.98,1,15.61,1.04,43.74,0.87
2.09,6,6458.99,1356.15,6817.12,24.53,24.53,622.33,288,578,1.31,1,7.15,1.02,20.39,0.28
7.15,21,38983.65,2678.09,9131.41,332.15,332.15,851.64,288,698.82,2.97,1,15.67,1.04,45.69,0.91
5.14,15,21632.38,1924.34,8490.72,175.3,175.3,699.87,288,636.28,2.08,1,11.01,1.03,24.71,0.49
1.14,3,7363.8,1360.55,6707.52,8.21,8.21,661.19,288,577.59,1.33,1,7.2,1.02,12.54,0.33
7.15,21,38988.28,2678.07,9128.52,332.25,332.25,835.51,288,693.5,2.97,1,15.59,1.04,44.65,0.88
9.3,27,72773.84,3560.41,9754.91,644.84,644.84,1058.59,288,773.53,4.52,1,22.5,1.05,87.72,1.74
6.18,18,29761.57,2306.77,8801.4,245.99,245.99,774.57,288,666.75,2.51,1,13.3,1.03,34.33,0.68
4.16,12,14723.7,1547.46,7786.71,113.79,113.79,655.04,288,611.86,1.66,1,8.98,1.02,17.83,0.35
9.3,27,72767.33,3560.39,9748.3,644.91,644.91,1067.41,288,775.22,4.53,1,22.73,1.05,88.73,1.76
1.14,3,1093.18,1316.32,6696.39,5.75,5.75,496.13,288,552.23,1.12,1,6.04,1.02,24.89,0.14
6.18,18,29793.4,2307.33,8828.23,246.25,246.25,765.22,288,666.39,2.5,1,13.1,1.03,33.64,0.67
8.21,24,50993.07,3087.45,9300.44,438.1,438.1,902.27,288,724.51,3.59,1,18.4,1.04,58.83,1.17
7.15,21,38985.25,2678.09,9134.16,332.11,332.11,814.41,288,688.8,2.96,1,15.33,1.04,43.08,0.85
8.21,24,50993.12,3087.46,9304.37,438.09,438.09,902.45,288,725.55,3.59,1,18.32,1.04,58.74,1.16
3.14,9,8375.72,1386.74,7053.25,60.32,60.32,583.53,288,578.8,1.39,1,7.53,1.02,12.23,0.24
3.14,9,8374.95,1386.73,7036.96,60.3,60.3,584.17,288,578.39,1.39,1,7.56,1.02,12.26,0.24
1.14,3,2917.43,1412.27,6702.93,11.09,11.09,510.06,288,554.83,1.21,1,6.42,1.02,0,0.14
7.15,21,38991.81,2678.07,9126.11,332.28,332.28,830.46,288,691.47,2.97,1,15.6,1.04,44.36,0.88
1.14,3,484.12,1349.37,6654.1,7.43,7.43,449.02,288,543.43,1.1,1,5.9,1.02,6.98,0.07
9.3,27,72780.81,3560.44,9791.95,645.15,645.15,1090.02,288,784.32,4.47,1,22.19,1.05,89.74,1.78
9.3,27,72781.42,3560.42,9780.97,644.85,644.85,1078.5,288,780.56,4.49,1,22.26,1.05,88.94,1.76
2.09,6,4163.6,1391.33,6770.89,30.91,30.91,533.03,288,563.24,1.25,1,6.78,1.02,0,0.16
4.16,12,14725.09,1547.47,7817.29,113.81,113.81,643.21,288,609.84,1.66,1,8.85,1.02,17.25,0.34
8.21,24,50993.59,3087.47,9300.73,438,438,913.42,288,727.49,3.6,1,18.52,1.04,59.74,1.18
5.14,15,21639.63,1924.36,8514.71,175.34,175.34,705.64,288,640.37,2.07,1,10.92,1.03,24.91,0.49
4.16,12,14718.24,1547.45,7710.99,113.74,113.74,642.18,288,605.26,1.67,1,9.03,1.02,17.33,0.34
3.14,9,8377.33,1386.75,7086.18,60.34,60.34,582.3,288,579.63,1.39,1,7.48,1.02,12.16,0.24
9.3,27,72763.03,3560.37,9737.74,644.73,644.73,1062.49,288,773.28,4.54,1,22.86,1.05,88.51,1.75
2.09,6,2800.71,1362.74,6759.5,25.58,25.58,506.81,288,558.89,1.2,1,6.51,1.02,10.67,0.14
9.3,27,72762.38,3560.39,9769.81,644.93,644.93,1105.51,288,786,4.51,1,22.84,1.05,91.82,1.82
6.18,18,29794.46,2307.31,8832.8,246.3,246.3,775.23,288,669.66,2.5,1,13.15,1.03,34.22,0.68
9.3,27,72767.36,3560.4,9745.59,644.95,644.95,1061.35,288,773.53,4.53,1,22.71,1.05,88.21,1.75
5.14,15,21630.94,1924.34,8486.83,175.25,175.25,694.93,288,634.47,2.08,1,10.99,1.03,24.46,0.48
8.21,24,50993.06,3087.45,9297.59,437.99,437.99,911.23,288,726.14,3.6,1,18.56,1.04,59.65,1.18
5.14,15,21629.73,1924.34,8482.21,175.26,175.26,695.27,288,634.1,2.08,1,11.02,1.03,24.49,0.49
3.14,9,8380.83,1386.77,7157.62,60.37,60.37,583.31,288,582.48,1.39,1,7.4,1.02,12.16,0.24
9.3,27,72774.14,3560.44,9787.68,644.79,644.79,1100.1,288,786.26,4.48,1,22.42,1.05,90.82,1.8
1.14,3,4909.54,1411.43,6730.83,11.21,11.21,586.83,288,570.19,1.27,1,6.86,1.02,0,0.22
7.15,21,38999.94,2678.05,9120.88,332.28,332.28,821.54,288,687.65,2.98,1,15.62,1.04,43.85,0.87
9.3,27,72776.45,3560.39,9747.24,645.11,645.11,1042.62,288,768.97,4.53,1,22.44,1.05,86.37,1.71
5.14,15,21624.85,1924.31,8461.45,175.24,175.24,709.91,288,636.12,2.09,1,11.23,1.03,25.38,0.5
7.15,21,38998.99,2678.06,9122.48,332.38,332.38,813.55,288,685.73,2.98,1,15.53,1.04,43.27,0.86
4.16,12,14720.79,1547.46,7752.84,113.76,113.76,639.23,288,606.15,1.66,1,8.93,1.02,17.15,0.34
1.14,3,582.25,1350.45,6646.94,7.42,7.42,442.36,288,540.44,1.11,1,5.88,1.02,6.1,0.07
3.14,9,8380.63,1386.77,7151.93,60.37,60.37,587.39,288,583.5,1.39,1,7.43,1.02,12.33,0.24
4.16,12,14717.76,1547.44,7704.49,113.74,113.74,640.84,288,604.62,1.67,1,9.03,1.02,17.28,0.34
7.15,21,38983.33,2678.08,9134.56,332.13,332.13,825.01,288,691.96,2.96,1,15.41,1.04,43.81,0.87
2.09,6,3096.25,1353.13,6858.73,23.88,23.88,512.54,288,561.05,1.2,1,6.42,1.02,16.32,0.15
7.15,21,38988.74,2678.08,9129.64,332.2,332.2,823.35,288,690.29,2.97,1,15.48,1.04,43.79,0.87
6.18,18,29792.81,2307.4,8828.18,246.21,246.21,795.43,288,674.97,2.5,1,13.32,1.03,35.46,0.7
9.3,27,72784.87,3560.74,9794.99,645.21,645.21,1091.57,288,784.97,4.47,1,22.15,1.05,89.8,1.78
6.18,18,29793.63,2307.34,8829.56,246.29,246.29,773.67,288,668.93,2.5,1,13.15,1.03,34.14,0.68
2.09,6,5659.9,1348.17,6844.58,23.08,23.08,595.96,288,574.03,1.28,1,6.94,1.02,22.7,0.25
7.15,21,39005.44,2678.03,9118.19,332.34,332.34,811.08,288,683.98,2.99,1,15.59,1.04,43.18,0.86
8.21,24,50994.24,3087.52,9313.26,438.09,438.09,920.87,288,732.57,3.58,1,18.34,1.04,60,1.19
2.09,6,4899.42,1344.62,6818,22.41,22.41,578.19,288,570.77,1.26,1,6.84,1.02,23.7,0.23
6.18,18,29767.07,2306.98,8810.79,245.99,245.99,766.38,288,665.24,2.51,1,13.19,1.03,33.78,0.67
7.15,21,38995.38,2678.06,9123.15,332.24,332.24,831.55,288,691.07,2.98,1,15.66,1.04,44.5,0.88
8.21,24,50993.98,3087.49,9304.94,438.08,438.08,923.16,288,731.05,3.59,1,18.54,1.04,60.42,1.2
7.15,21,38987.7,2678.08,9130.63,332.17,332.17,823.01,288,690.43,2.97,1,15.46,1.04,43.75,0.87
8.21,24,50994.99,3087.57,9325.6,438,438,929.94,288,738.1,3.56,1,18.19,1.04,60.39,1.2
4.16,12,14719.51,1547.45,7724.63,113.73,113.73,647.55,288,607.28,1.66,1,9.04,1.02,17.56,0.35
9.3,27,72773.37,3560.42,9776.66,644.79,644.79,1090.49,288,783.03,4.49,1,22.5,1.05,90.21,1.79
7.15,21,39003.54,2678.05,9120.26,332.36,332.36,803.85,288,682.39,2.98,1,15.49,1.04,42.64,0.84
1.14,3,5529.17,1398.36,6677.95,10.27,10.27,586.51,288,565.31,1.29,1,6.92,1.02,0.49,0.23
7.15,21,38994.86,2678.06,9124.21,332.35,332.35,826.12,288,689.77,2.98,1,15.6,1.04,44.1,0.87
4.16,12,14721.41,1547.46,7768.42,113.77,113.77,631.05,288,604.51,1.66,1,8.85,1.02,16.75,0.33
3.14,9,8375.84,1386.74,7052.28,60.31,60.31,587.26,288,579.87,1.39,1,7.55,1.02,12.38,0.25
3.14,9,8375.22,1386.74,7044.83,60.31,60.31,580.55,288,577.6,1.39,1,7.53,1.02,12.11,0.24
2.09,6,5274.17,1395.12,6765.01,31.66,31.66,561.04,288,566.65,1.29,1,6.99,1.02,0,0.2
6.18,18,29767.08,2306.97,8810.73,246.01,246.01,763.23,288,664.33,2.51,1,13.17,1.03,33.59,0.67
2.09,6,4372.81,1343.51,6722.68,22.15,22.15,545.87,288,559.83,1.25,1,6.75,1.02,23.13,0.2
6.18,18,29762.97,2306.79,8806.42,245.94,245.94,761.21,288,663.37,2.51,1,13.18,1.03,33.49,0.66
4.16,12,14724.64,1547.47,7810.58,113.8,113.8,643.15,288,609.55,1.66,1,8.86,1.02,17.26,0.34
7.15,21,38988.29,2678.08,9127.4,332.17,332.17,846.19,288,696.27,2.97,1,15.7,1.04,45.41,0.9
7.15,21,38995.11,2678.07,9125.93,332.31,332.31,809.88,288,685.5,2.98,1,15.44,1.04,42.94,0.85
7.15,21,38979.75,2678.08,9138.54,332.17,332.17,823.71,288,692.55,2.96,1,15.33,1.04,43.63,0.86
3.14,9,8378.3,1386.75,7104.22,60.34,60.34,585.86,288,581.34,1.39,1,7.48,1.02,12.29,0.24
8.21,24,50995.81,3087.59,9324.81,438.05,438.05,931.97,288,738.4,3.56,1,18.23,1.04,60.58,1.2
9.3,27,72779.06,3560.43,9773.36,645.1,645.1,1070.61,288,777.99,4.5,1,22.3,1.05,88.39,1.75
8.21,24,50994.09,3087.5,9309.53,438.02,438.02,917.85,288,730.84,3.58,1,18.39,1.04,59.86,1.19
9.3,27,72755.51,3560.35,9730.24,644.81,644.81,1069.6,288,774.59,4.55,1,23.08,1.05,89.37,1.77
8.21,24,50987.24,3087.2,9291.89,437.96,437.96,917.16,288,726.32,3.61,1,18.73,1.04,60.28,1.19
3.14,9,8376.1,1386.74,7065.63,60.32,60.32,571.85,288,575.76,1.39,1,7.46,1.02,11.75,0.23
1.14,3,4053.74,1417.89,6746.47,11.65,11.65,570.47,288,569.65,1.25,1,6.73,1.02,0,0.2
6.18,18,29762,2306.84,8792.14,246.02,246.02,766.85,288,663.73,2.51,1,13.3,1.03,33.91,0.67
7.15,21,39000.21,2678.06,9121.5,332.41,332.41,813.91,288,685.6,2.98,1,15.55,1.04,43.31,0.86
8.21,24,50992.81,3087.45,9303.47,438.03,438.03,896.81,288,723.85,3.59,1,18.27,1.04,58.3,1.15
2.09,6,6824.85,1381.77,6769.42,29.19,29.19,600.28,288,570.63,1.33,1,7.2,1.02,5.78,0.26
6.18,18,29760.72,2306.83,8783.05,246.02,246.02,778.43,288,666.21,2.52,1,13.43,1.03,34.67,0.69
8.21,24,50993.74,3087.5,9312.55,437.96,437.96,912.39,288,730.21,3.58,1,18.26,1.04,59.33,1.17
8.21,24,50996.82,3087.61,9319.6,437.98,437.98,934.62,288,737.7,3.57,1,18.38,1.04,60.95,1.21
4.16,12,14718.29,1547.45,7714.16,113.73,113.73,636.46,288,603.82,1.66,1,8.98,1.02,17.06,0.34
9.3,27,72766.82,3560.39,9742.48,645.04,645.04,1060.07,288,772.99,4.53,1,22.75,1.05,88.17,1.75
9.3,27,72773.19,3560.4,9746.82,644.79,644.79,1047.25,288,770.1,4.53,1,22.5,1.05,86.83,1.72
6.18,18,29765.29,2306.91,8809.7,245.98,245.98,767.45,288,665.45,2.51,1,13.21,1.03,33.85,0.67
9.3,27,72760.86,3560.38,9735.9,644.87,644.87,1064.25,288,773.6,4.54,1,22.92,1.05,88.73,1.76
2.09,6,6715.85,1360.65,6771.35,25.3,25.3,597.42,288,568.58,1.32,1,7.11,1.02,16.96,0.26
2.09,6,5742.3,1393.1,6812.99,31.3,31.3,567.25,288,568.16,1.3,1,6.98,1.02,0,0.21
3.14,9,8379.24,1386.76,7119.12,60.36,60.36,594.06,288,584.32,1.39,1,7.5,1.02,12.61,0.25
7.15,21,38986.64,2678.08,9131.62,332.2,332.2,822.67,288,690.57,2.97,1,15.44,1.04,43.71,0.87
3.14,9,8378.95,1386.76,7115.35,60.35,60.35,589.36,288,582.78,1.39,1,7.49,1.02,12.42,0.25
2.09,6,4099.23,1345.21,6865.87,22.5,22.5,545.71,288,566.09,1.24,1,6.6,1.02,22.11,0.2
3.14,9,8376.77,1386.74,7082.62,60.33,60.33,568.85,288,575.46,1.39,1,7.42,1.02,11.61,0.23
9.3,27,72766.6,3560.39,9747.42,645.04,645.04,1068.28,288,775.37,4.53,1,22.76,1.05,88.84,1.76
9.3,27,72775.73,3560.43,9783.48,644.8,644.8,1092.52,288,784.11,4.49,1,22.4,1.05,90.22,1.79
5.14,15,21636.26,1924.34,8500.53,175.29,175.29,709.5,288,640.03,2.08,1,11.02,1.03,25.18,0.5
9.3,27,72774.94,3560.41,9762.84,644.89,644.89,1068.18,288,776.51,4.51,1,22.47,1.05,88.44,1.75
3.14,9,8380.06,1386.76,7136.15,60.37,60.37,593.46,288,584.76,1.39,1,7.48,1.02,12.58,0.25
3.14,9,8376.7,1386.74,7068.1,60.33,60.33,589.13,288,581,1.39,1,7.54,1.02,12.44,0.25
8.21,24,50990.1,3087.32,9302.75,438,438,934.79,288,733.49,3.6,1,18.72,1.04,61.43,1.22
2.09,6,4927.89,1394.07,6846.31,31.48,31.48,543.89,288,565.7,1.28,1,6.79,1.02,0,0.18
8.21,24,50993.6,3087.5,9314.87,438.09,438.09,910.71,288,730.38,3.57,1,18.19,1.04,59.12,1.17
5.14,15,21636.75,1924.32,8498.24,175.32,175.32,722.92,288,643.59,2.08,1,11.12,1.03,25.91,0.51
3.14,9,8374.44,1386.73,7027.94,60.29,60.29,583.65,288,577.91,1.39,1,7.56,1.02,12.25,0.24
2.09,6,4172.9,1390.78,6826.8,30.82,30.82,528.43,288,563.59,1.25,1,6.69,1.02,0,0.16
3.14,9,8376.84,1386.74,7081.99,60.33,60.33,571.25,288,576.16,1.39,1,7.43,1.02,11.71,0.23
4.16,12,14719.79,1547.46,7749.81,113.73,113.73,623.67,288,601.71,1.66,1,8.84,1.02,16.43,0.33
1.14,3,3188.07,1417.55,6732.78,11.57,11.57,539.22,288,563.82,1.22,1,6.55,1.02,0,0.17
5.14,15,21625.19,1924.31,8463.2,175.21,175.21,706.49,288,635.33,2.09,1,11.2,1.03,25.18,0.5
4.16,12,14719.82,1547.45,7740.96,113.75,113.75,633.06,288,603.97,1.66,1,8.91,1.02,16.88,0.33
2.09,6,2891.04,1370.61,6765.02,27.02,27.02,505,288,559.08,1.2,1,6.53,1.02,6.57,0.13
7.15,21,38979.48,2678.08,9137.5,332.18,332.18,832.43,288,694.81,2.96,1,15.41,1.04,44.25,0.88
9.3,27,72761.45,3560.38,9739.53,644.78,644.78,1069.44,288,775.13,4.54,1,22.92,1.05,89.14,1.77
3.14,9,8380.54,1386.77,7145.5,60.36,60.36,595.31,288,585.64,1.39,1,7.48,1.02,12.65,0.25
6.18,18,29767.03,2306.98,8810.85,245.96,245.96,769.56,288,666.15,2.51,1,13.22,1.03,33.98,0.67
2.09,6,2897.32,1358.52,6835.59,24.85,24.85,505.34,288,559.7,1.2,1,6.42,1.02,13,0.14
9.3,27,72774.77,3560.43,9781.6,645.05,645.05,1092.22,288,783.87,4.49,1,22.43,1.05,90.24,1.79
6.18,18,29763.29,2306.78,8806.42,245.95,245.95,754.98,288,661.58,2.51,1,13.13,1.03,33.11,0.66
1.14,3,943.19,1376.62,6689.28,9.08,9.08,472.05,288,551.31,1.13,1,6.06,1.02,0,0.09
9.3,27,72760.69,3560.38,9752.08,644.95,644.95,1088.39,288,780.62,4.53,1,22.93,1.05,90.65,1.8
6.18,18,29794.12,2307.34,8832.13,246.31,246.31,786.03,288,672.67,2.5,1,13.23,1.03,34.88,0.69
6.18,18,29764.92,2306.96,8810.11,246.02,246.02,786.82,288,670.99,2.51,1,13.35,1.03,35.03,0.69
1.14,3,6605.85,1390.56,6723.54,9.96,9.96,633.4,288,575.87,1.32,1,7.12,1.02,0,0.28
2.09,6,6896.69,1377.46,6818.49,28.4,28.4,596.5,288,570.77,1.33,1,7.11,1.02,8.23,0.26
4.16,12,14724.05,1547.47,7801.57,113.79,113.79,642.63,288,609.05,1.66,1,8.87,1.02,17.25,0.34
8.21,24,50995.37,3087.55,9311.8,438.11,438.11,932.97,288,735.28,3.58,1,18.52,1.04,61.03,1.21
2.09,6,3675.67,1346.52,6827.14,22.72,22.72,537.99,288,564.53,1.22,1,6.59,1.02,20.87,0.18
4.16,12,14719.91,1547.45,7734.63,113.76,113.76,644.46,288,606.85,1.66,1,9,1.02,17.41,0.35
6.18,18,29763.01,2306.77,8798.3,245.95,245.95,751.04,288,659.72,2.51,1,13.15,1.03,32.91,0.65
5.14,15,21623.68,1924.33,8462.95,175.24,175.24,691.91,288,631.17,2.09,1,11.1,1.03,24.4,0.48
6.18,18,29761.3,2306.85,8789.15,245.96,245.96,776.58,288,666.23,2.52,1,13.38,1.03,34.52,0.68
7.15,21,39002.33,2678.06,9121.82,332.41,332.41,797.71,288,680.98,2.98,1,15.41,1.04,42.17,0.84
8.21,24,50994.23,3087.51,9310.77,438.04,438.04,920.9,288,731.94,3.58,1,18.4,1.04,60.07,1.19
3.14,9,8375.6,1386.74,7055.22,60.32,60.32,576.18,288,576.68,1.39,1,7.49,1.02,11.93,0.24
7.15,21,38996.5,2678.07,9124.98,332.24,332.24,808.59,288,684.9,2.98,1,15.44,1.04,42.87,0.85
2.09,6,3056.3,1353.49,6812.65,23.93,23.93,515.71,288,560.85,1.2,1,6.48,1.02,16.22,0.15
1.14,3,1987.95,1402.85,6686.35,10.64,10.64,507.43,288,558.05,1.17,1,6.35,1.02,0,0.13
8.21,24,50994.76,3087.55,9322.92,438.04,438.04,928.14,288,736.94,3.56,1,18.23,1.04,60.32,1.19
3.14,9,8375.27,1386.74,7048.02,60.31,60.31,577.31,288,576.76,1.39,1,7.51,1.02,11.98,0.24
9.3,27,72776.87,3560.43,9774.6,644.89,644.89,1078.48,288,779.99,4.5,1,22.38,1.05,89.11,1.76
4.16,12,14720.69,1547.46,7762.65,113.76,113.76,623.74,288,602.24,1.66,1,8.82,1.02,16.42,0.33
3.14,9,8380.75,1386.77,7154.78,60.37,60.37,585.35,288,582.99,1.39,1,7.42,1.02,12.24,0.24
5.14,15,21621.86,1924.31,8454.07,175.23,175.23,699.96,288,632.54,2.09,1,11.2,1.03,24.87,0.49
9.3,27,72778.31,3560.42,9775.71,644.8,644.8,1079.61,288,780.36,4.49,1,22.37,1.05,89.19,1.77
7.15,21,38985.96,2678.07,9129.95,332.17,332.17,840.96,288,695.41,2.97,1,15.61,1.04,45,0.89
3.14,9,8379.52,1386.76,7120.37,60.36,60.36,599.63,288,586.02,1.39,1,7.53,1.02,12.83,0.25
8.21,24,50992.7,3087.44,9299.44,438.06,438.06,894.97,288,722.35,3.6,1,18.33,1.04,58.25,1.15
1.14,3,2842.48,1310.86,6645.02,5.47,5.47,566,288,562.55,1.19,1,6.48,1.02,33.06,0.22
8.21,24,50994.49,3087.55,9325.65,438.1,438.1,925.51,288,737,3.56,1,18.14,1.04,60.02,1.19
4.16,12,14720.99,1547.46,7751.67,113.76,113.76,644.08,288,607.44,1.66,1,8.97,1.02,17.37,0.34
4.16,12,14725.86,1547.48,7830.48,113.8,113.8,642.02,288,610.03,1.65,1,8.82,1.02,17.19,0.34
4.16,12,14719.49,1547.46,7743.67,113.76,113.76,624.91,288,601.81,1.66,1,8.86,1.02,16.49,0.33
1.14,3,4577.57,1414.14,6734.31,11.37,11.37,579.07,288,569.41,1.26,1,6.81,1.02,0,0.21
9.3,27,72766.86,3560.39,9744.95,644.89,644.89,1064.17,288,774.18,4.53,1,22.75,1.05,88.5,1.75
8.21,24,50993.14,3087.46,9304.91,437.96,437.96,903.1,288,725.85,3.59,1,18.31,1.04,58.78,1.16
2.09,6,3525.41,1383.84,6802.76,29.5,29.5,514.94,288,561.35,1.23,1,6.6,1.02,0,0.14
5.14,15,21633.88,1924.31,8487.84,175.26,175.26,724.62,288,643,2.08,1,11.19,1.03,26.04,0.52
7.15,21,38992.25,2678.07,9126.71,332.19,332.19,822.72,288,689.4,2.97,1,15.53,1.04,43.81,0.87
1.14,3,1030.41,1380.42,6748.17,9.3,9.3,466.29,288,550.64,1.13,1,5.99,1.02,0,0.09
8.21,24,50994.31,3087.54,9323.39,438.08,438.08,922.71,288,735.68,3.56,1,18.15,1.04,59.86,1.19
9.3,27,72762.2,3560.38,9750.31,644.71,644.71,1083.23,288,779.25,4.53,1,22.9,1.05,90.2,1.79
1.14,3,442,1346.32,6655.75,7.28,7.28,451.85,288,544.24,1.1,1,5.9,1.02,8.81,0.08
8.21,24,50994.21,3087.52,9313.68,438.11,438.11,919.84,288,732.41,3.58,1,18.32,1.04,59.91,1.19
2.09,6,5741.12,1393.58,6789.76,31.39,31.39,570.19,288,568.29,1.3,1,7.02,1.02,0,0.21
9.3,27,72772.81,3560.4,9742.72,644.82,644.82,1044.92,288,769.22,4.53,1,22.55,1.05,86.7,1.72
1.14,3,2657.07,1413.77,6725.42,11.32,11.32,522.23,288,560.77,1.2,1,6.44,1.02,0,0.15
8.21,24,50994.95,3087.54,9311.64,437.97,437.97,931.23,288,734.8,3.58,1,18.5,1.04,60.9,1.21
6.18,18,29794.18,2307.33,8831.83,246.32,246.32,777.92,288,670.34,2.5,1,13.17,1.03,34.39,0.68
8.21,24,50994.34,3087.52,9312.85,438.08,438.08,921.9,288,732.73,3.58,1,18.37,1.04,60.1,1.19
8.21,24,50993.45,3087.47,9300.91,437.95,437.95,908.99,288,726.38,3.6,1,18.46,1.04,59.37,1.18
8.21,24,50994.57,3087.54,9319.68,438.09,438.09,925.68,288,735.46,3.57,1,18.27,1.04,60.21,1.19
8.21,24,50994.11,3087.52,9315.05,437.95,437.95,918.48,288,732.42,3.57,1,18.28,1.04,59.75,1.18
4.16,12,14722.66,1547.47,7784.57,113.79,113.79,635.49,288,606.39,1.66,1,8.86,1.02,16.94,0.34
3.14,9,8378.22,1386.75,7101.08,60.34,60.34,589.16,288,582.21,1.39,1,7.5,1.02,12.42,0.25
9.3,27,72775.57,3560.43,9778.95,645.11,645.11,1087.89,288,782.62,4.49,1,22.42,1.05,89.9,1.78
4.16,12,14725.28,1547.47,7819.65,113.8,113.8,643.68,288,610.06,1.66,1,8.85,1.02,17.27,0.34
6.18,18,29790.53,2307.49,8820.7,246.23,246.23,796.68,288,674.66,2.5,1,13.37,1.03,35.58,0.7
7.15,21,39003.76,2678.03,9117.31,332.44,332.44,830.42,288,689.33,2.99,1,15.75,1.04,44.54,0.88
2.09,6,4524.3,1344.36,6764.93,22.3,22.3,538.16,288,558.43,1.25,1,6.68,1.02,22.2,0.2
9.3,27,72760.54,3560.37,9743.65,644.88,644.88,1078.62,288,777.67,4.53,1,22.96,1.05,89.92,1.78
5.14,15,21636.66,1924.35,8504.17,175.32,175.32,705.7,288,639.32,2.08,1,10.97,1.03,24.96,0.49
3.14,9,8374.84,1386.73,7033.76,60.3,60.3,587.46,288,579.25,1.39,1,7.58,1.02,12.4,0.25
4.16,12,14724.1,1547.47,7793.05,113.8,113.8,653.73,288,611.76,1.66,1,8.96,1.02,17.76,0.35
3.14,9,8376.23,1386.74,7070.98,60.33,60.33,569.11,288,575.12,1.39,1,7.43,1.02,11.63,0.23
5.14,15,21628.25,1924.33,8475.85,175.23,175.23,698.95,288,634.5,2.09,1,11.08,1.03,24.72,0.49
7.15,21,38980.47,2678.08,9135.98,332.13,332.13,835.47,288,695.31,2.96,1,15.46,1.04,44.49,0.88
1.14,3,657.68,1365.88,6737.71,8.47,8.47,457.49,288,548.97,1.11,1,5.91,1.02,0,0.08
5.14,15,21630.43,1924.33,8481.6,175.25,175.25,706.43,288,637.22,2.08,1,11.1,1.03,25.1,0.5
2.09,6,2830.27,1359.47,6771.17,24.99,24.99,509.49,288,559.51,1.2,1,6.51,1.02,12.43,0.14
6.18,18,29794.77,2307.32,8834.13,246.29,246.29,782.2,288,671.76,2.5,1,13.19,1.03,34.63,0.69
7.15,21,38988.94,2678.07,9128.03,332.2,332.2,834.83,288,693.19,2.97,1,15.6,1.04,44.62,0.88
8.21,24,50997.7,3087.63,9322.2,437.99,437.99,941.76,288,740.15,3.57,1,18.42,1.04,61.47,1.22
2.09,6,3204.36,1378.66,6789.66,28.52,28.52,507.95,288,560.16,1.22,1,6.56,1.02,2.2,0.13
2.09,6,2916.33,1369.15,6855.02,26.78,26.78,497.9,288,559.17,1.2,1,6.4,1.02,6.8,0.13
6.18,18,29794.61,2307.3,8832.48,246.24,246.24,765.71,288,666.9,2.5,1,13.08,1.03,33.64,0.67
7.15,21,38999.05,2678.06,9123.07,332.36,332.36,807.66,288,684.17,2.98,1,15.47,1.04,42.84,0.85
1.14,3,2806.47,1308.2,6688.93,5.31,5.31,552.39,288,560.31,1.18,1,6.38,1.02,32.19,0.21
9.3,27,72766.19,3560.4,9749.92,644.93,644.93,1072.43,288,776.57,4.53,1,22.77,1.05,89.17,1.77
9.3,27,72767.98,3560.4,9745.36,644.78,644.78,1059.41,288,773.03,4.53,1,22.69,1.05,88.03,1.74
5.14,15,21626.09,1924.31,8464.28,175.24,175.24,714.45,288,637.69,2.09,1,11.25,1.03,25.61,0.51
8.21,24,50993.73,3087.49,9305.68,437.99,437.99,913.2,288,728.67,3.59,1,18.41,1.04,59.59,1.18
6.18,18,29761.15,2306.79,8799.46,245.93,245.93,783.29,288,669.05,2.51,1,13.38,1.03,34.87,0.69
8.21,24,50993.96,3087.5,9312.83,438,438,915.77,288,731.15,3.58,1,18.29,1.04,59.6,1.18
5.14,15,21625.28,1924.31,8463.23,175.25,175.25,707.97,288,635.75,2.09,1,11.21,1.03,25.26,0.5
8.21,24,50995.66,3087.52,9311.93,438.01,438.01,941.94,288,737.56,3.58,1,18.63,1.04,61.78,1.22
9.3,27,72767.85,3560.39,9738.3,645.04,645.04,1049.18,288,769.98,4.54,1,22.68,1.05,87.22,1.73
4.16,12,14719.23,1547.45,7725.81,113.75,113.75,642.65,288,605.99,1.66,1,9,1.02,17.33,0.34
2.09,6,2890.41,1368.82,6823.24,26.71,26.71,500.61,288,559.24,1.2,1,6.44,1.02,7.58,0.13
8.21,24,50992.31,3087.39,9305.71,437.96,437.96,938.1,288,735.05,3.59,1,18.7,1.04,61.63,1.22
4.16,12,14716.24,1547.44,7683.29,113.72,113.72,637.75,288,602.9,1.67,1,9.05,1.02,17.16,0.34
6.18,18,29761.95,2306.83,8806.77,246,246,783.62,288,669.8,2.51,1,13.34,1.03,34.85,0.69
4.16,12,14717.58,1547.44,7703.8,113.73,113.73,636.88,288,603.51,1.67,1,9,1.02,17.09,0.34
9.3,27,72770.7,3560.41,9762.6,644.85,644.85,1079.75,288,779.31,4.51,1,22.63,1.05,89.55,1.77
3.14,9,8379.91,1386.76,7134.08,60.37,60.37,591.74,288,584.17,1.39,1,7.47,1.02,12.51,0.25
3.14,9,8379.06,1386.76,7125.54,60.35,60.35,575.87,288,579.1,1.39,1,7.4,1.02,11.88,0.24
3.14,9,8377.87,1386.75,7094.28,60.34,60.34,587.81,288,581.56,1.39,1,7.5,1.02,12.37,0.25
2.09,6,3498.32,1347.99,6837.9,22.97,22.97,530.49,288,563.54,1.22,1,6.54,1.02,19.68,0.17
3.14,9,8375.04,1386.73,7039.81,60.31,60.31,582.14,288,577.89,1.39,1,7.54,1.02,12.18,0.24
1.14,3,866.6,1321.73,6683.08,5.96,5.96,476.45,288,547.19,1.12,1,5.95,1.02,21.79,0.12
4.16,12,14720.24,1547.45,7744.18,113.76,113.76,638.75,288,605.67,1.66,1,8.95,1.02,17.13,0.34
1.14,3,3095.29,1383.78,6625.01,9.42,9.42,526.95,288,555.39,1.21,1,6.53,1.02,5.37,0.16
8.21,24,50993.33,3087.46,9298.45,438.09,438.09,909.13,288,725.81,3.6,1,18.51,1.04,59.45,1.18
7.15,21,38989.98,2678.08,9128.13,332.3,332.3,826.38,288,690.79,2.97,1,15.53,1.04,44.03,0.87
5.14,15,21625.03,1924.31,8463.17,175.2,175.2,705.01,288,634.91,2.09,1,11.19,1.03,25.1,0.5
7.15,21,39006.51,2678.03,9118.36,332.44,332.44,802.95,288,681.68,2.99,1,15.52,1.04,42.61,0.84
7.15,21,38993.33,2678.08,9127.38,332.23,332.23,810.18,288,685.94,2.97,1,15.41,1.04,42.93,0.85
4.16,12,14718.4,1547.45,7726.4,113.74,113.74,622.71,288,600.51,1.66,1,8.87,1.02,16.41,0.33
9.3,27,72766.06,3560.41,9780.49,644.74,644.74,1111,288,788.15,4.49,1,22.71,1.05,92.05,1.82
4.16,12,14716.94,1547.44,7696.92,113.71,113.71,632.94,288,602.15,1.67,1,8.99,1.02,16.92,0.34
9.3,27,72774.97,3560.41,9759.01,645.07,645.07,1061,288,774.44,4.51,1,22.45,1.05,87.84,1.74
9.3,27,72756.49,3560.37,9728.51,644.92,644.92,1062.66,288,772.75,4.55,1,23.02,1.05,88.74,1.76
2.09,6,3106.57,1375.79,6842.65,28,28,501.18,288,559.78,1.21,1,6.46,1.02,3.51,0.13
1.14,3,2951.93,1417.18,6740.11,11.58,11.58,538.32,288,564.94,1.21,1,6.53,1.02,0,0.16
1.14,3,3373.15,1418.38,6739.5,11.65,11.65,548.38,288,566.01,1.22,1,6.6,1.02,0,0.18
3.14,9,8375.56,1386.74,7060.73,60.32,60.32,564.62,288,573.4,1.39,1,7.42,1.02,11.45,0.23
9.3,27,72753.52,3560.34,9721.01,644.68,644.68,1061.13,288,771.93,4.56,1,23.13,1.05,88.77,1.76
5.14,15,21624.78,1924.31,8461.42,175.24,175.24,708.43,288,635.7,2.09,1,11.22,1.03,25.3,0.5
4.16,12,14721.5,1547.46,7766.97,113.77,113.77,634.5,288,605.41,1.66,1,8.88,1.02,16.91,0.34
5.14,15,21634.17,1924.32,8490.45,175.31,175.31,718.63,288,641.58,2.08,1,11.13,1.03,25.71,0.51
3.14,9,8378.55,1386.75,7109.05,60.35,60.35,585.51,288,581.41,1.39,1,7.47,1.02,12.27,0.24
1.14,3,2856.37,1414.55,6724.53,11.35,11.35,525.67,288,560.88,1.2,1,6.47,1.02,0,0.15
6.18,18,29762.68,2306.76,8799.25,245.96,245.96,756.17,288,661.29,2.51,1,13.18,1.03,33.22,0.66
5.14,15,21624.31,1924.33,8464.75,175.22,175.22,691.47,288,631.23,2.09,1,11.09,1.03,24.36,0.48
2.09,6,6169.83,1352.94,6847.34,23.94,23.94,609.55,288,576.43,1.3,1,7.04,1.02,21.31,0.27
1.14,3,287.33,1335.36,6710.09,6.76,6.76,456.43,288,546.9,1.09,1,5.84,1.02,12.82,0.08
9.3,27,72772.08,3560.42,9765.37,645.11,645.11,1079.13,288,779.38,4.51,1,22.57,1.05,89.42,1.77
3.14,9,8379.56,1386.76,7130.78,60.36,60.36,584.57,288,581.9,1.39,1,7.44,1.02,12.22,0.24
7.15,21,39000.54,2678.04,9119.21,332.39,332.39,833.05,288,690.54,2.98,1,15.74,1.04,44.68,0.89
6.18,18,29762.61,2306.77,8799.24,245.96,245.96,757.73,288,661.74,2.51,1,13.19,1.03,33.32,0.66
6.18,18,29793,2307.35,8826.01,246.24,246.24,759.51,288,664.55,2.5,1,13.07,1.03,33.3,0.66
1.14,3,1573.79,1390.38,6669.86,9.83,9.83,483.72,288,551.59,1.15,1,6.2,1.02,0.5,0.11
8.21,24,50993.79,3087.5,9314.61,438.04,438.04,913.4,288,731,3.57,1,18.23,1.04,59.35,1.18
7.15,21,38994.94,2678.07,9125.35,332.23,332.23,815.79,288,687.07,2.98,1,15.5,1.04,43.36,0.86
1.14,3,7375.44,1362.15,6710.79,8.31,8.31,661.59,288,577.88,1.33,1,7.21,1.02,11.67,0.33
7.15,21,38988.09,2678.08,9130.13,332.2,332.2,824.02,288,690.6,2.97,1,15.48,1.04,43.83,0.87
4.16,12,14724.1,1547.47,7803.29,113.8,113.8,640.45,288,608.51,1.66,1,8.86,1.02,17.14,0.34
5.14,15,21630.28,1924.32,8478.13,175.28,175.28,714.77,288,639.22,2.08,1,11.17,1.03,25.56,0.51
6.18,18,29761.86,2306.84,8790.12,245.97,245.97,767.44,288,663.72,2.52,1,13.31,1.03,33.96,0.67
7.15,21,38981.91,2678.08,9133.95,332.19,332.19,839.57,288,695.99,2.96,1,15.53,1.04,44.82,0.89
2.09,6,4768.73,1344.8,6867.85,22.45,22.45,565.92,288,569.46,1.26,1,6.73,1.02,23.05,0.22
4.16,12,14725.35,1547.48,7823.39,113.81,113.81,640.63,288,609.36,1.65,1,8.82,1.02,17.13,0.34
2.09,6,3191.89,1351.48,6860.02,23.6,23.6,516.55,288,561.74,1.21,1,6.44,1.02,16.98,0.16
2.09,6,6940.45,1371.91,6796.63,27.36,27.36,599.61,288,570.19,1.33,1,7.13,1.02,11.28,0.26
4.16,12,14725.05,1547.48,7822.44,113.8,113.8,636.69,288,608.23,1.65,1,8.8,1.02,16.95,0.34
9.3,27,72763.56,3560.38,9732.65,644.77,644.77,1052.45,288,770.43,4.54,1,22.83,1.05,87.67,1.74
1.14,3,4537.26,1390.3,6650.53,9.9,9.9,581.88,288,566.63,1.26,1,6.86,1.02,3.81,0.22
8.21,24,50993.57,3087.44,9308.73,437.97,437.97,941.39,288,736.63,3.59,1,18.69,1.04,61.82,1.22
5.14,15,21631.51,1924.31,8481.02,175.26,175.26,717.85,288,640.39,2.08,1,11.18,1.03,25.71,0.51
6.18,18,29762.59,2306.75,8802.3,245.96,245.96,756.1,288,661.54,2.51,1,13.16,1.03,33.2,0.66
1.14,3,1186.29,1382.56,6685.02,9.36,9.36,469.44,288,549.11,1.14,1,6.08,1.02,0,0.09
8.21,24,50994.39,3087.51,9308,437.95,437.95,923.73,288,731.96,3.59,1,18.49,1.04,60.38,1.2
3.14,9,8376.67,1386.74,7071.57,60.33,60.33,584.59,288,579.78,1.39,1,7.51,1.02,12.26,0.24
3.14,9,8375.89,1386.74,7058.95,60.32,60.32,579.48,288,577.8,1.39,1,7.5,1.02,12.06,0.24
2.09,6,2891.8,1370.85,6769.83,27.07,27.07,504.55,288,559.11,1.2,1,6.52,1.02,6.11,0.13
2.09,6,6978.59,1371.8,6761.35,27.34,27.34,605.67,288,570.36,1.33,1,7.2,1.02,11.54,0.27
8.21,24,50993.52,3087.49,9313.22,438.03,438.03,908.69,288,729.43,3.58,1,18.21,1.04,59,1.17
7.15,21,38997.49,2678.07,9123.98,332.25,332.25,810.57,288,685.23,2.98,1,15.48,1.04,43.03,0.85
9.3,27,72762.24,3560.38,9739.08,645.06,645.06,1065.51,288,774.12,4.54,1,22.87,1.05,88.77,1.76
1.14,3,5642.57,1323.75,6644.86,6.13,6.13,631,288,570.78,1.28,1,6.95,1.02,29.95,0.3
3.14,9,8378.31,1386.75,7108.22,60.35,60.35,578.89,288,579.39,1.39,1,7.44,1.02,12.01,0.24
3.14,9,8376.22,1386.74,7066.84,60.32,60.32,575.91,288,577.02,1.39,1,7.48,1.02,11.91,0.24
1.14,3,443.82,1333.07,6656.92,6.64,6.64,472.78,288,549.25,1.1,1,5.97,1.02,16.35,0.1
4.16,12,14723.47,1547.46,7782.1,113.79,113.79,654.11,288,611.42,1.66,1,8.98,1.02,17.79,0.35
2.09,6,5652.21,1347.89,6807.69,23.02,23.02,600.8,288,574.06,1.29,1,7,1.02,23.26,0.26
9.3,27,72773.52,3560.4,9743.59,645.11,645.11,1044.08,288,769.07,4.53,1,22.52,1.05,86.6,1.71
5.14,15,21637.37,1924.32,8499.29,175.3,175.3,724.99,288,644.28,2.08,1,11.13,1.03,26.01,0.52
4.16,12,14719.02,1547.45,7724.83,113.75,113.75,637.36,288,604.5,1.66,1,8.97,1.02,17.09,0.34
1.14,3,3890.8,1418.27,6740.12,11.65,11.65,562.71,288,568.02,1.24,1,6.7,1.02,0,0.19
4.16,12,14722.38,1547.47,7781.74,113.78,113.78,632.44,288,605.43,1.66,1,8.84,1.02,16.8,0.33
7.15,21,38986.04,2678.08,9129.4,332.14,332.14,845.46,288,696.56,2.97,1,15.66,1.04,45.31,0.9
5.14,15,21634.94,1924.34,8498.35,175.33,175.33,702.56,288,637.83,2.08,1,10.98,1.03,24.82,0.49
2.09,6,2840.61,1366.14,6811.65,26.22,26.22,501.96,288,559.18,1.2,1,6.45,1.02,8.85,0.13
5.14,15,21626.85,1924.33,8472.96,175.22,175.22,693.1,288,632.53,2.09,1,11.05,1.03,24.42,0.48
6.18,18,29761.64,2306.83,8786.06,245.97,245.97,765.46,288,662.79,2.52,1,13.32,1.03,33.86,0.67
4.16,12,14723.46,1547.46,7780.71,113.78,113.78,657.73,288,612.35,1.66,1,9,1.02,17.95,0.36
5.14,15,21627.82,1924.33,8474.88,175.24,175.24,696.99,288,633.84,2.09,1,11.07,1.03,24.62,0.49
8.21,24,50990.73,3087.34,9299.58,438.04,438.04,926.24,288,730.53,3.6,1,18.68,1.04,60.82,1.2
3.14,9,8374.36,1386.73,7030.37,60.3,60.3,575.08,288,575.45,1.39,1,7.52,1.02,11.9,0.24
3.14,9,8377.91,1386.75,7090.27,60.34,60.34,594.92,288,583.53,1.39,1,7.54,1.02,12.66,0.25
4.16,12,14725.17,1547.48,7824.48,113.81,113.81,635.84,288,608.07,1.65,1,8.79,1.02,16.91,0.34
3.14,9,8379.67,1386.76,7125.54,60.36,60.36,597.99,288,585.72,1.39,1,7.52,1.02,12.76,0.25
3.14,9,8378.66,1386.76,7107.08,60.35,60.35,594.31,288,583.96,1.39,1,7.52,1.02,12.63,0.25
3.14,9,8374.8,1386.73,7030.91,60.31,60.31,589.52,288,579.75,1.39,1,7.59,1.02,12.48,0.25
9.3,27,72777.73,3560.43,9780.48,644.86,644.86,1086.17,288,782.34,4.49,1,22.37,1.05,89.69,1.78
5.14,15,21630.33,1924.31,8477.27,175.25,175.25,717.25,288,639.83,2.08,1,11.19,1.03,25.7,0.51
2.09,6,6897.14,1379.52,6784.66,28.77,28.77,599.54,288,570.52,1.33,1,7.17,1.02,6.97,0.26
4.16,12,14716.89,1547.44,7695.21,113.73,113.73,635.12,288,602.68,1.67,1,9.01,1.02,17.02,0.34
1.14,3,3780.87,1416.91,6725.48,11.49,11.49,549.41,288,564,1.24,1,6.64,1.02,0,0.18
9.3,27,72765.33,3560.4,9756.39,644.74,644.74,1083.9,288,779.84,4.52,1,22.8,1.05,90.11,1.78
6.18,18,29789.72,2307.51,8817.17,246.18,246.18,785.19,288,671.11,2.51,1,13.3,1.03,34.91,0.69
9.3,27,72772.23,3560.41,9772.82,644.81,644.81,1089.95,288,782.57,4.5,1,22.57,1.05,90.26,1.79
8.21,24,50995.67,3087.56,9312.38,438.02,438.02,933.66,288,735.6,3.58,1,18.51,1.04,61.07,1.21
9.3,27,72772.19,3560.4,9752.38,644.82,644.82,1061.15,288,773.97,4.52,1,22.58,1.05,88.03,1.74
6.18,18,29790.81,2307.45,8818.72,246.23,246.23,762.2,288,664.69,2.51,1,13.13,1.03,33.5,0.66
4.16,12,14718.03,1547.44,7706.89,113.74,113.74,642.62,288,605.21,1.67,1,9.04,1.02,17.35,0.34
5.14,15,21634.22,1924.31,8487.96,175.31,175.31,727.69,288,643.87,2.08,1,11.21,1.03,26.2,0.52
9.3,27,72760.52,3560.38,9760.67,644.73,644.73,1098.35,288,783.62,4.52,1,22.91,1.05,91.38,1.81
7.15,21,39000.94,2678.04,9119.27,332.29,332.29,829.66,288,689.58,2.98,1,15.71,1.04,44.45,0.88
6.18,18,29793.75,2307.36,8831.22,246.31,246.31,790.41,288,673.83,2.5,1,13.27,1.03,35.14,0.7
4.16,12,14717.48,1547.44,7701.65,113.73,113.73,636.44,288,603.3,1.67,1,9,1.02,17.08,0.34
3.14,9,8380.44,1386.77,7146.76,60.36,60.36,588.98,288,583.8,1.39,1,7.45,1.02,12.39,0.25
5.14,15,21633.89,1924.34,8494.6,175.28,175.28,703.41,288,637.69,2.08,1,11.01,1.03,24.88,0.49
4.16,12,14724.62,1547.47,7796.66,113.8,113.8,659.67,288,613.52,1.66,1,8.99,1.02,18.02,0.36
4.16,12,14722.78,1547.47,7786.85,113.79,113.79,635.94,288,606.61,1.66,1,8.85,1.02,16.96,0.34
9.3,27,72780.16,3560.43,9778.79,645.03,645.03,1076.23,288,779.82,4.49,1,22.27,1.05,88.78,1.76
5.14,15,21621.53,1924.31,8452.3,175.2,175.2,701.88,288,632.9,2.09,1,11.23,1.03,24.98,0.5
3.14,9,8377.6,1386.75,7094.42,60.34,60.34,577.48,288,578.48,1.39,1,7.45,1.02,11.96,0.24
3.14,9,8381.61,1386.77,7171.5,60.38,60.38,587.28,288,584.16,1.39,1,7.41,1.02,12.31,0.24
2.09,6,2839.89,1365.69,6813.63,26.14,26.14,502.53,288,559.36,1.2,1,6.45,1.02,8.87,0.13
6.18,18,29797.25,2307.24,8843.4,246.3,246.3,772.51,288,669.81,2.5,1,13.07,1.03,34,0.67
7.15,21,38985.34,2678.08,9131.52,332.13,332.13,832.75,288,693.45,2.97,1,15.52,1.04,44.4,0.88
6.18,18,29794.24,2307.32,8831.72,246.28,246.28,774.71,288,669.41,2.5,1,13.15,1.03,34.19,0.68
9.3,27,72760.16,3560.37,9737.46,644.97,644.97,1069.24,288,774.95,4.54,1,22.95,1.05,89.17,1.77
7.15,21,39007.51,2678.01,9115.5,332.46,332.46,824.44,288,687.18,2.99,1,15.74,1.04,44.17,0.88
3.14,9,8375.56,1386.74,7055.89,60.32,60.32,573.75,288,575.98,1.39,1,7.48,1.02,11.83,0.23
5.14,15,21629.01,1924.32,8476.89,175.28,175.28,703.85,288,636,2.09,1,11.11,1.03,24.98,0.49
9.3,27,72779.58,3560.42,9767.67,644.96,644.96,1063.11,288,775.67,4.5,1,22.31,1.05,87.82,1.74
6.18,18,29761.35,2306.84,8794.28,246.02,246.02,779.1,288,667.4,2.51,1,13.38,1.03,34.65,0.69
3.14,9,8374.76,1386.73,7040.37,60.31,60.31,571.96,288,574.88,1.39,1,7.49,1.02,11.76,0.23
7.15,21,39018.13,2677.92,9109.84,332.48,332.48,820.1,288,684.57,3,1,15.81,1.04,43.99,0.87
9.3,27,72776.61,3560.42,9762.81,645.14,645.14,1061.49,288,774.87,4.51,1,22.39,1.05,87.79,1.74
7.15,21,38987.65,2678.07,9129.01,332.24,332.24,836.18,288,693.81,2.97,1,15.59,1.04,44.69,0.89
1.14,3,6169.04,1395.14,6687.98,10.22,10.22,628.74,288,574.84,1.31,1,7.13,1.02,0.18,0.27
4.16,12,14720.53,1547.45,7743.27,113.74,113.74,644.93,288,607.33,1.66,1,8.99,1.02,17.42,0.35
7.15,21,38977.42,2678.08,9140.52,332.16,332.16,828.1,288,694.3,2.95,1,15.33,1.04,43.89,0.87
8.21,24,50993.16,3087.45,9297.68,437.95,437.95,905.11,288,724.57,3.6,1,18.48,1.04,59.14,1.17
4.16,12,14722.79,1547.46,7776.31,113.76,113.76,647.78,288,609.45,1.66,1,8.95,1.02,17.51,0.35
6.18,18,29795.6,2307.28,8837.09,246.32,246.32,775.73,288,670.18,2.5,1,13.13,1.03,34.23,0.68
1.14,3,1948.86,1401.24,6697.04,10.46,10.46,488.43,288,552.24,1.17,1,6.24,1.02,0,0.11
9.3,27,72773.48,3560.4,9747.06,645.05,645.05,1049.16,288,770.6,4.53,1,22.52,1.05,87,1.72
7.15,21,38987.28,2678.08,9128.39,332.18,332.18,847.55,288,696.9,2.97,1,15.69,1.04,45.48,0.9
8.21,24,50991.9,3087.39,9293.49,438.09,438.09,909.48,288,724.69,3.61,1,18.62,1.04,59.61,1.18
4.16,12,14722,1547.46,7761.81,113.75,113.75,651.28,288,609.82,1.66,1,9,1.02,17.69,0.35
9.3,27,72761.63,3560.38,9730.79,644.92,644.92,1054.19,288,770.75,4.55,1,22.88,1.05,87.88,1.74
3.14,9,8379.53,1386.76,7126.86,60.37,60.37,591.63,288,583.88,1.39,1,7.48,1.02,12.51,0.25
1.14,3,3518.82,1335.93,6616.84,6.72,6.72,556.82,288,558.13,1.21,1,6.57,1.02,23.33,0.21
3.14,9,8374.22,1386.73,7026.82,60.3,60.3,579.52,288,576.64,1.39,1,7.54,1.02,12.08,0.24
5.14,15,21635.23,1924.31,8490.87,175.27,175.27,729.31,288,644.63,2.08,1,11.2,1.03,26.28,0.52
5.14,15,21634.45,1924.34,8496.48,175.29,175.29,702.98,288,637.76,2.08,1,11,1.03,24.85,0.49
2.09,6,4018.65,1345.3,6851.02,22.52,22.52,545.62,288,565.94,1.23,1,6.61,1.02,21.88,0.19
9.3,27,72764.55,3560.39,9752.94,644.91,644.91,1080.56,288,778.78,4.52,1,22.82,1.05,89.88,1.78
4.16,12,14723.29,1547.47,7793.74,113.78,113.78,637.3,288,607.26,1.66,1,8.85,1.02,17.01,0.34
5.14,15,21637.89,1924.34,8506.26,175.3,175.3,709.72,288,640.68,2.08,1,10.99,1.03,25.17,0.5
8.21,24,50995.31,3087.51,9310.71,438.01,438.01,940.61,288,736.92,3.59,1,18.64,1.04,61.7,1.22
3.14,9,8375.4,1386.74,7051.2,60.31,60.31,574.1,288,575.91,1.39,1,7.49,1.02,11.85,0.23
4.16,12,14720.37,1547.46,7756.47,113.75,113.75,624.98,288,602.34,1.66,1,8.84,1.02,16.48,0.33
4.16,12,14725.09,1547.47,7808.77,113.8,113.8,654.3,288,612.55,1.66,1,8.93,1.02,17.77,0.35
5.14,15,21627.59,1924.34,8478.29,175.25,175.25,686.11,288,631.07,2.09,1,10.98,1.03,24.01,0.48
3.14,9,8375.48,1386.74,7052.71,60.32,60.32,576.96,288,576.82,1.39,1,7.5,1.02,11.96,0.24
8.21,24,50996.63,3087.6,9319.96,438.12,438.12,933.6,288,737.54,3.57,1,18.36,1.04,60.85,1.21
8.21,24,50988.14,3087.24,9295.81,438.03,438.03,923.4,288,728.88,3.6,1,18.73,1.04,60.69,1.2
9.3,27,72769.28,3560.41,9754.5,645.04,645.04,1070.03,288,776.32,4.52,1,22.65,1.05,88.83,1.76
9.3,27,72776.08,3560.41,9767.23,644.92,644.92,1072.61,288,777.95,4.5,1,22.45,1.05,88.75,1.76
7.15,21,38999.73,2678.06,9122,332.32,332.32,812.91,288,685.43,2.98,1,15.53,1.04,43.23,0.86
9.3,27,72775.95,3560.41,9761.47,644.94,644.94,1065.13,288,775.65,4.51,1,22.46,1.05,88.18,1.75
2.09,6,6632.45,1359.09,6823.53,25.07,25.07,626.96,288,579.07,1.32,1,7.18,1.02,18.86,0.28
1.14,3,1832.4,1317.05,6630.47,5.67,5.67,510.8,288,550.65,1.15,1,6.2,1.02,27.65,0.16
1.14,3,1587.75,1392.71,6689.15,9.93,9.93,476.42,288,549.77,1.15,1,6.15,1.02,0,0.1
7.15,21,38985.16,2678.08,9131.5,332.23,332.23,834.45,288,693.93,2.97,1,15.53,1.04,44.52,0.88
5.14,15,21627.25,1924.33,8473,175.25,175.25,694.54,288,632.95,2.09,1,11.06,1.03,24.49,0.49
7.15,21,38990.43,2678.08,9129.27,332.2,332.2,814.42,288,687.62,2.97,1,15.42,1.04,43.19,0.86
2.09,6,5960.41,1350.22,6816.25,23.45,23.45,608.43,288,575.52,1.3,1,7.05,1.02,22.44,0.27
1.14,3,2137.12,1337.88,6617.63,6.78,6.78,509.44,288,550.47,1.17,1,6.28,1.02,20.33,0.16
9.3,27,72773.06,3560.42,9778.18,644.81,644.81,1093.68,288,783.91,4.49,1,22.52,1.05,90.47,1.79
9.3,27,72765.55,3560.38,9742.93,644.97,644.97,1063.96,288,773.99,4.53,1,22.79,1.05,88.53,1.75
1.14,3,5747.25,1399.43,6704.94,10.38,10.38,593.38,288,567.6,1.3,1,6.94,1.02,0,0.24
3.14,9,8373.81,1386.72,7017.52,60.29,60.29,580.24,288,576.51,1.39,1,7.56,1.02,12.11,0.24
3.14,9,8381.05,1386.77,7158.73,60.37,60.37,590.01,288,584.53,1.39,1,7.44,1.02,12.43,0.25
5.14,15,21633.1,1924.33,8490.92,175.3,175.3,705.73,288,637.97,2.08,1,11.04,1.03,25.02,0.5
1.14,3,5922.03,1357.55,6640.37,8.02,8.02,632.72,288,572.36,1.29,1,7.08,1.02,15.53,0.29
5.14,15,21633.63,1924.34,8494.5,175.27,175.27,700.49,288,636.84,2.08,1,10.99,1.03,24.72,0.49
3.14,9,8380.32,1386.76,7141.07,60.36,60.36,593.12,288,584.83,1.39,1,7.47,1.02,12.56,0.25
5.14,15,21636.48,1924.32,8497.26,175.33,175.33,722.38,288,643.34,2.08,1,11.12,1.03,25.88,0.51
7.15,21,38990.68,2678.08,9128.74,332.31,332.31,817.06,288,688.26,2.97,1,15.45,1.04,43.38,0.86
3.14,9,8380.09,1386.76,7143.65,60.37,60.37,580.63,288,581.17,1.39,1,7.41,1.02,12.06,0.24
9.3,27,72781.37,3560.44,9790.84,645.18,645.18,1088.85,288,783.94,4.48,1,22.2,1.05,89.66,1.78
2.09,6,3480.03,1348.12,6835.75,23,23,529.42,288,563.22,1.22,1,6.53,1.02,19.68,0.17
5.14,15,21627.59,1924.31,8469.75,175.26,175.26,713.07,288,637.87,2.09,1,11.21,1.03,25.51,0.51
6.18,18,29761.75,2306.78,8804.5,245.97,245.97,774.49,288,667,2.51,1,13.28,1.03,34.31,0.68
8.21,24,50993.76,3087.49,9304.3,438.06,438.06,914.61,288,728.69,3.59,1,18.46,1.04,59.74,1.18
7.15,21,38981.72,2678.09,9136.56,332.15,332.15,822.69,288,691.78,2.96,1,15.35,1.04,43.6,0.86
1.14,3,5759.83,1371.32,6645.18,8.8,8.8,622.7,288,571.62,1.29,1,7.07,1.02,7.86,0.27
1.14,3,1133.08,1384.23,6762.43,9.54,9.54,470.25,288,551.87,1.13,1,6.01,1.02,0,0.09
8.21,24,50994.38,3087.51,9307.85,438.03,438.03,928.23,288,733.08,3.59,1,18.54,1.04,60.76,1.2
8.21,24,50997.84,3087.63,9319.89,438,438,943.47,288,739.97,3.57,1,18.49,1.04,61.68,1.22
5.14,15,21630.1,1924.32,8479.83,175.25,175.25,709.83,288,638,2.08,1,11.13,1.03,25.29,0.5
1.14,3,4159.84,1391.21,6647.08,9.94,9.94,568.59,288,564.33,1.25,1,6.79,1.02,3.97,0.21
6.18,18,29790.3,2307.48,8817.9,246.25,246.25,772.77,288,667.64,2.51,1,13.21,1.03,34.15,0.68
2.09,6,2856.01,1362.63,6840.72,25.58,25.58,501.6,288,559.41,1.2,1,6.41,1.02,10.48,0.13
7.15,21,38977.47,2678.08,9140.01,332.16,332.16,830.78,288,694.95,2.96,1,15.36,1.04,44.09,0.87
3.14,9,8373.91,1386.72,7016.82,60.29,60.29,582.7,288,577.22,1.39,1,7.57,1.02,12.21,0.24
8.21,24,50993.97,3087.49,9306.91,438,438,916.22,288,729.76,3.59,1,18.42,1.04,59.8,1.18
5.14,15,21633.64,1924.31,8486.88,175.28,175.28,724.08,288,642.74,2.08,1,11.19,1.03,26.02,0.52
3.14,9,8380.33,1386.76,7145.2,60.38,60.38,584.79,288,582.48,1.39,1,7.43,1.02,12.23,0.24
2.09,6,6599.71,1358.03,6748.75,24.81,24.81,597.69,288,568,1.32,1,7.12,1.02,18.27,0.26
2.09,6,2836.8,1366,6804.29,26.18,26.18,502.82,288,559.24,1.2,1,6.46,1.02,8.6,0.13
3.14,9,8374.74,1386.73,7040.71,60.31,60.31,570.76,288,574.53,1.39,1,7.48,1.02,11.71,0.23
5.14,15,21621.94,1924.31,8454.95,175.23,175.23,699,288,632.36,2.09,1,11.19,1.03,24.82,0.49
8.21,24,50991.37,3087.36,9297.71,438.06,438.06,920.83,288,728.67,3.6,1,18.66,1.04,60.43,1.2
5.14,15,21621.51,1924.31,8453.17,175.2,175.2,699.46,288,632.3,2.09,1,11.2,1.03,24.85,0.49
1.14,3,6509.17,1337.38,6649.02,6.84,6.84,643.41,288,571.99,1.3,1,7.08,1.02,24.04,0.31
2.09,6,3635.56,1347.19,6852.34,22.84,22.84,532.62,288,563.93,1.22,1,6.54,1.02,20.33,0.18
5.14,15,21633.77,1924.33,8491.14,175.31,175.31,711.66,288,639.68,2.08,1,11.08,1.03,25.34,0.5
8.21,24,50993.82,3087.49,9306.77,438.06,438.06,914.52,288,729.29,3.59,1,18.41,1.04,59.66,1.18
9.3,27,72779.31,3560.43,9781.62,645.01,645.01,1082.46,288,781.57,4.49,1,22.3,1.05,89.3,1.77
4.16,12,14721.49,1547.46,7760.12,113.77,113.77,643.23,288,607.55,1.66,1,8.95,1.02,17.32,0.34
1.14,3,6191.35,1397.97,6733.81,10.43,10.43,626.85,288,576.31,1.31,1,7.08,1.02,0,0.27
8.21,24,50995.89,3087.59,9320.34,438.12,438.12,932.56,288,737.38,3.57,1,18.33,1.04,60.76,1.2
1.14,3,2040.26,1407.15,6727.95,10.96,10.96,510.38,288,560.09,1.17,1,6.33,1.02,0,0.13
9.3,27,72775.06,3560.43,9788.83,644.88,644.88,1101.29,288,786.64,4.48,1,22.41,1.05,90.9,1.8
8.21,24,50993.59,3087.48,9302.06,438.1,438.1,918.14,288,729.04,3.59,1,18.54,1.04,60.09,1.19
1.14,3,955.73,1357.35,6641.16,7.9,7.9,468.22,288,547.38,1.12,1,6.06,1.02,5.8,0.09
5.14,15,21637.63,1924.34,8504.5,175.3,175.3,713.11,288,641.46,2.08,1,11.02,1.03,25.36,0.5
5.14,15,21633.42,1924.33,8490.18,175.26,175.26,711.13,288,639.43,2.08,1,11.08,1.03,25.31,0.5
4.16,12,14720.84,1547.46,7759.71,113.77,113.77,630.57,288,604.03,1.66,1,8.87,1.02,16.74,0.33
9.3,27,72766.13,3560.41,9777.74,645.09,645.09,1106.58,288,786.89,4.5,1,22.7,1.05,91.71,1.82
1.14,3,5414.89,1318.59,6686.94,5.87,5.87,619.7,288,569.97,1.27,1,6.84,1.02,31.03,0.29
7.15,21,39005.01,2678.02,9116.3,332.34,332.34,832.5,288,689.67,2.99,1,15.79,1.04,44.71,0.89
4.16,12,14719.73,1547.45,7739,113.74,113.74,633.92,288,604.13,1.66,1,8.92,1.02,16.92,0.34
6.18,18,29795.23,2307.3,8836.45,246.26,246.26,786.52,288,673.19,2.5,1,13.21,1.03,34.88,0.69
8.21,24,50987.58,3087.21,9292.44,437.96,437.96,917.8,288,726.62,3.61,1,18.73,1.04,60.32,1.19
5.14,15,21627.79,1924.31,8468.93,175.25,175.25,717.06,288,638.91,2.09,1,11.24,1.03,25.73,0.51
4.16,12,14722.98,1547.47,7790.87,113.78,113.78,634.24,288,606.29,1.66,1,8.84,1.02,16.87,0.33
3.14,9,8375.89,1386.74,7055.78,60.31,60.31,582.74,288,578.66,1.39,1,7.52,1.02,12.19,0.24
5.14,15,21632.96,1924.33,8489.16,175.26,175.26,709.12,288,638.76,2.08,1,11.08,1.03,25.21,0.5
5.14,15,21628.69,1924.32,8475.13,175.25,175.25,707.24,288,636.78,2.09,1,11.14,1.03,25.17,0.5
7.15,21,38991.91,2678.06,9125.01,332.31,332.31,839.34,288,693.74,2.97,1,15.69,1.04,44.99,0.89
9.3,27,72762.21,3560.39,9753.81,644.81,644.81,1086.58,288,780.3,4.52,1,22.88,1.05,90.44,1.79
8.21,24,50993.48,3087.47,9300.19,438.08,438.08,912.77,288,727.18,3.6,1,18.52,1.04,59.7,1.18
9.3,27,72760.52,3560.37,9728.73,644.71,644.71,1054.02,288,770.58,4.55,1,22.91,1.05,87.91,1.74
6.18,18,29761.88,2306.78,8799.3,246,246,770.35,288,665.36,2.51,1,13.28,1.03,34.09,0.68
2.09,6,4680.33,1393.78,6814.9,31.4,31.4,542.16,288,565.3,1.27,1,6.81,1.02,0,0.18
6.18,18,29792.31,2307.37,8823.92,246.27,246.27,760.05,288,664.53,2.5,1,13.08,1.03,33.34,0.66
2.09,6,3436.42,1347.67,6789.14,22.91,22.91,534.28,288,563.35,1.22,1,6.6,1.02,20.08,0.18
6.18,18,29790.52,2307.45,8817.63,246.22,246.22,758.57,288,663.55,2.51,1,13.11,1.03,33.29,0.66
4.16,12,14722.23,1547.46,7762.68,113.78,113.78,655.36,288,610.97,1.66,1,9.02,1.02,17.87,0.35
7.15,21,38990.74,2678.07,9126.55,332.31,332.31,834.52,288,692.74,2.97,1,15.62,1.04,44.63,0.88
6.18,18,29761.3,2306.79,8798.4,246.02,246.02,781.14,288,668.35,2.51,1,13.37,1.03,34.75,0.69
6.18,18,29769.71,2307.03,8811.83,246.03,246.03,757.49,288,662.77,2.51,1,13.12,1.03,33.24,0.66
4.16,12,14718.97,1547.46,7738.58,113.75,113.75,620.22,288,600.3,1.66,1,8.84,1.02,16.28,0.32
9.3,27,72772.24,3560.39,9742.94,644.86,644.86,1046.83,288,769.71,4.53,1,22.57,1.05,86.88,1.72
7.15,21,39009.59,2678.01,9115.87,332.52,332.52,807.91,288,682.51,2.99,1,15.6,1.04,43.01,0.85
4.16,12,14722.01,1547.46,7773.75,113.78,113.78,635.85,288,606.06,1.66,1,8.88,1.02,16.97,0.34
6.18,18,29762.34,2306.76,8804.34,245.94,245.94,763.34,288,663.81,2.51,1,13.2,1.03,33.63,0.67
4.16,12,14719.43,1547.45,7736.54,113.74,113.74,632.18,288,603.55,1.66,1,8.92,1.02,16.84,0.33
4.16,12,14723.63,1547.47,7796.63,113.78,113.78,640.39,288,608.23,1.66,1,8.87,1.02,17.15,0.34
3.14,9,8378.49,1386.75,7097.97,60.35,60.35,603.19,288,586.25,1.39,1,7.58,1.02,12.98,0.26
5.14,15,21632.66,1924.32,8484.79,175.26,175.26,718.46,288,640.95,2.08,1,11.16,1.03,25.73,0.51
7.15,21,39000.64,2678.04,9119.81,332.28,332.28,826.94,288,688.94,2.98,1,15.68,1.04,44.25,0.88
3.14,9,8377.98,1386.75,7100.86,60.35,60.35,580.02,288,579.47,1.39,1,7.45,1.02,12.06,0.24
6.18,18,29794.56,2307.31,8832.69,246.25,246.25,772.04,288,668.74,2.5,1,13.12,1.03,34.03,0.67
4.16,12,14722.37,1547.46,7768.34,113.76,113.76,651.32,288,610.1,1.66,1,8.98,1.02,17.68,0.35
6.18,18,29791.26,2307.45,8822.72,246.24,246.24,792.76,288,673.74,2.5,1,13.33,1.03,35.33,0.7
1.14,3,1001.9,1376.29,6665.38,9.06,9.06,477.72,288,552.11,1.13,1,6.12,1.02,1.03,0.1
6.18,18,29790.19,2307.49,8818.03,246.19,246.19,777.59,288,669.03,2.51,1,13.24,1.03,34.44,0.68
3.14,9,8379.81,1386.76,7127.6,60.37,60.37,599.74,288,586.31,1.39,1,7.52,1.02,12.83,0.25
8.21,24,50994.05,3087.49,9304.81,438.07,438.07,921.44,288,730.58,3.59,1,18.53,1.04,60.29,1.19
8.21,24,50993.94,3087.51,9316.27,437.97,437.97,915.44,288,731.96,3.57,1,18.22,1.04,59.47,1.18
4.16,12,14725.68,1547.48,7829.83,113.81,113.81,639.38,288,609.27,1.65,1,8.81,1.02,17.07,0.34
4.16,12,14717.05,1547.44,7697.35,113.73,113.73,635.56,288,602.88,1.67,1,9.01,1.02,17.04,0.34
5.14,15,21627.91,1924.31,8469.83,175.23,175.23,716.07,288,638.72,2.09,1,11.23,1.03,25.67,0.51
8.21,24,50994.13,3087.5,9305.24,437.97,437.97,920.39,288,730.41,3.59,1,18.5,1.04,60.19,1.19
8.21,24,50994.94,3087.55,9315.13,438.02,438.02,930.82,288,735.59,3.58,1,18.42,1.04,60.76,1.2
6.18,18,29795.73,2307.26,8836.74,246.33,246.33,766.21,288,667.42,2.5,1,13.06,1.03,33.65,0.67
2.09,6,4137.38,1390.64,6814.85,30.79,30.79,528.77,288,563.43,1.25,1,6.71,1.02,0,0.16
4.16,12,14722.08,1547.46,7775.74,113.77,113.77,634.99,288,605.9,1.66,1,8.87,1.02,16.92,0.34
2.09,6,3217.97,1350.99,6852.32,23.51,23.51,518.5,288,561.91,1.21,1,6.46,1.02,17.48,0.16
7.15,21,38984.1,2678.08,9131.96,332.22,332.22,838.54,288,695.21,2.97,1,15.56,1.04,44.79,0.89
1.14,3,2677.03,1406.22,6676.54,10.71,10.71,504.56,288,553.24,1.2,1,6.39,1.02,0,0.14
1.14,3,3408.97,1309.22,6681.51,5.35,5.35,566.7,288,561.77,1.2,1,6.48,1.02,32.62,0.23
9.3,27,72778.07,3560.41,9767.45,644.83,644.83,1067.85,288,776.81,4.5,1,22.38,1.05,88.28,1.75
6.18,18,29761.04,2306.82,8781.02,246,246,769.36,288,663.45,2.52,1,13.38,1.03,34.13,0.68
8.21,24,50993.99,3087.5,9311.87,438.1,438.1,916.12,288,730.99,3.58,1,18.32,1.04,59.65,1.18
2.09,6,6283.43,1390.6,6774.31,30.83,30.83,585.4,288,569.69,1.32,1,7.13,1.02,0,0.23
1.14,3,6763.01,1382.57,6697.64,9.38,9.38,620.93,288,570.35,1.32,1,7.08,1.02,0,0.28
3.14,9,8379.66,1386.76,7125.27,60.35,60.35,599.28,288,586.09,1.39,1,7.52,1.02,12.81,0.25
2.09,6,3186.81,1351.4,6820.94,23.57,23.57,519.98,288,561.58,1.21,1,6.5,1.02,17.33,0.16
3.14,9,8376.05,1386.74,7069.44,60.32,60.32,566.3,288,574.22,1.39,1,7.42,1.02,11.52,0.23
7.15,21,39002.4,2678.06,9121.25,332.3,332.3,801.89,288,682.06,2.98,1,15.46,1.04,42.48,0.84
1.14,3,4491.22,1362.97,6613.42,8.26,8.26,578.82,288,562.58,1.25,1,6.81,1.02,12.53,0.23
3.14,9,8380.95,1386.77,7160.21,60.38,60.38,582.53,288,582.33,1.39,1,7.4,1.02,12.13,0.24
6.18,18,29790.04,2307.49,8818.2,246.18,246.18,784.07,288,670.88,2.51,1,13.29,1.03,34.84,0.69
8.21,24,50988.69,3087.25,9292.35,437.91,437.91,916.09,288,726.15,3.61,1,18.71,1.04,60.18,1.19
5.14,15,21634.73,1924.33,8494.03,175.3,175.3,713.24,288,640.43,2.08,1,11.08,1.03,25.41,0.5
1.14,3,4581.94,1378.15,6628.56,9.12,9.12,573.02,288,562.51,1.26,1,6.82,1.02,5.57,0.22
3.14,9,8377.49,1386.75,7088.73,60.34,60.34,581.5,288,579.48,1.39,1,7.48,1.02,12.12,0.24
5.14,15,21638.21,1924.35,8508.09,175.3,175.3,707.82,288,640.32,2.07,1,10.97,1.03,25.06,0.5
2.09,6,6337.5,1353.63,6733.94,24.01,24.01,595.1,288,567.39,1.31,1,7.1,1.02,20.29,0.26
8.21,24,50992.58,3087.43,9300.27,438.02,438.02,892.95,288,722.03,3.59,1,18.29,1.04,58.06,1.15
2.09,6,3754.54,1346.19,6844.06,22.67,22.67,538.72,288,564.85,1.23,1,6.57,1.02,21.28,0.18
3.14,9,8375.12,1386.73,7046.86,60.31,60.31,573.24,288,575.5,1.39,1,7.49,1.02,11.81,0.23
4.16,12,14724.8,1547.47,7817.77,113.8,113.8,635.78,288,607.79,1.66,1,8.8,1.02,16.91,0.34
9.3,27,72761.74,3560.39,9765.07,644.71,644.71,1100.88,288,784.54,4.51,1,22.86,1.05,91.5,1.81
9.3,27,72768.42,3560.43,9784.73,645.03,645.03,1108.61,288,787.96,4.49,1,22.59,1.05,91.71,1.82
3.14,9,8373.99,1386.72,7018.26,60.29,60.29,585.62,288,578.13,1.39,1,7.59,1.02,12.33,0.24
7.15,21,38984.83,2678.08,9132.55,332.11,332.11,829.03,288,692.63,2.97,1,15.47,1.04,44.12,0.87
8.21,24,50994.33,3087.54,9322.43,437.99,437.99,923.01,288,735.51,3.56,1,18.18,1.04,59.91,1.19
6.18,18,29795.5,2307.3,8837.69,246.33,246.33,790.34,288,674.38,2.5,1,13.23,1.03,35.1,0.7
9.3,27,72762.83,3560.39,9748.64,644.77,644.77,1078.14,288,777.89,4.53,1,22.86,1.05,89.75,1.78
2.09,6,4565.27,1393.54,6793.63,31.36,31.36,540.99,288,564.62,1.27,1,6.81,1.02,0,0.17
2.09,6,6393.24,1388.58,6817.65,30.47,30.47,583.48,288,570.05,1.32,1,7.07,1.02,1.34,0.23
5.14,15,21635.19,1924.32,8491.66,175.29,175.29,725.25,288,643.57,2.08,1,11.17,1.03,26.06,0.52
5.14,15,21624.35,1924.31,8461.34,175.2,175.2,703.99,288,634.43,2.09,1,11.19,1.03,25.06,0.5
6.18,18,29798.58,2307.21,8853.16,246.39,246.39,774.1,288,671.12,2.49,1,13.03,1.03,34.04,0.67
3.14,9,8378.9,1386.76,7123.26,60.36,60.36,575.43,288,578.88,1.39,1,7.4,1.02,11.86,0.24
6.18,18,29794.35,2307.34,8833.48,246.26,246.26,793.13,288,674.8,2.5,1,13.28,1.03,35.3,0.7
5.14,15,21627.12,1924.33,8473.02,175.23,175.23,695.98,288,633.36,2.09,1,11.07,1.03,24.57,0.49
9.3,27,72779.12,3560.43,9779.77,645.06,645.06,1082.17,288,781.33,4.49,1,22.33,1.05,89.33,1.77
4.16,12,14725.9,1547.48,7825.02,113.81,113.81,647.27,288,611.27,1.65,1,8.86,1.02,17.43,0.35
6.18,18,29796.53,2307.26,8840.45,246.32,246.32,778.93,288,671.38,2.5,1,13.13,1.03,34.4,0.68
4.16,12,14723.24,1547.47,7793.45,113.79,113.79,635.99,288,606.89,1.66,1,8.84,1.02,16.95,0.34
7.15,21,38990.03,2678.07,9127.04,332.17,332.17,835.19,288,693.05,2.97,1,15.62,1.04,44.66,0.88
7.15,21,39002.98,2678.04,9118.39,332.44,332.44,824.98,288,688.03,2.98,1,15.69,1.04,44.14,0.87
4.16,12,14721.24,1547.46,7754.19,113.76,113.76,645.87,288,608.03,1.66,1,8.97,1.02,17.45,0.35
4.16,12,14722.25,1547.47,7783.18,113.78,113.78,629,288,604.53,1.66,1,8.82,1.02,16.64,0.33
4.16,12,14722.85,1547.46,7776.89,113.78,113.78,650.47,288,610.21,1.66,1,8.96,1.02,17.63,0.35
2.09,6,5534.98,1347.16,6763.77,22.82,22.82,567.19,288,563.09,1.28,1,6.88,1.02,21.94,0.23
5.14,15,21629.5,1924.32,8477.91,175.25,175.25,707.31,288,637.09,2.08,1,11.12,1.03,25.16,0.5
5.14,15,21625.19,1924.33,8468.33,175.23,175.23,689.17,288,630.94,2.09,1,11.05,1.03,24.22,0.48
4.16,12,14724.21,1547.47,7798.47,113.8,113.8,648.38,288,610.51,1.66,1,8.91,1.02,17.51,0.35
2.09,6,4810.4,1394.21,6801.41,31.49,31.49,545.54,288,565.22,1.27,1,6.84,1.02,0,0.18
1.14,3,4859.79,1343.29,6624.17,7.15,7.15,596.71,288,564.81,1.26,1,6.84,1.02,21.33,0.25
6.18,18,29761.35,2306.83,8795.31,245.98,245.98,779.61,288,667.64,2.51,1,13.37,1.03,34.67,0.69
7.15,21,38997.97,2678.06,9121.77,332.3,332.3,826.19,288,689.2,2.98,1,15.64,1.04,44.16,0.87
4.16,12,14717.31,1547.45,7704.62,113.73,113.73,629.49,288,601.51,1.67,1,8.95,1.02,16.75,0.33
1.14,3,720.09,1362.11,6663.22,8.14,8.14,451.77,288,544.54,1.12,1,5.95,1.02,0,0.07
4.16,12,14718.32,1547.45,7729.64,113.74,113.74,617.24,288,599.11,1.66,1,8.83,1.02,16.15,0.32
1.14,3,1713.12,1382.18,6651.62,9.26,9.26,476.53,288,547.43,1.16,1,6.18,1.02,1.87,0.11
7.15,21,39013.37,2677.96,9112.16,332.43,332.43,823.29,288,686.04,2.99,1,15.79,1.04,44.16,0.87
7.15,21,38990.93,2678.07,9127.67,332.26,332.26,824.04,288,690.01,2.97,1,15.52,1.04,43.88,0.87
7.15,21,38981.6,2678.08,9135.51,332.13,332.13,831.4,288,694.03,2.96,1,15.44,1.04,44.22,0.88
9.3,27,72766.57,3560.4,9760.7,645.04,645.04,1086.39,288,780.76,4.51,1,22.75,1.05,90.24,1.79
7.15,21,38978.09,2678.08,9140.54,332.13,332.13,823.09,288,692.86,2.95,1,15.29,1.04,43.55,0.86
7.15,21,39009.02,2678,9115.14,332.38,332.38,818.79,288,685.47,2.99,1,15.7,1.04,43.79,0.87
3.14,9,8375.93,1386.74,7058.3,60.32,60.32,581.94,288,578.51,1.39,1,7.52,1.02,12.16,0.24
1.14,3,566.75,1332.69,6648.31,6.56,6.56,467.28,288,546.29,1.11,1,5.95,1.02,16.56,0.1
6.18,18,29763.08,2306.83,8807.61,245.98,245.98,771.21,288,666.34,2.51,1,13.24,1.03,34.09,0.68
4.16,12,14719.76,1547.46,7749.57,113.75,113.75,622.39,288,601.35,1.66,1,8.83,1.02,16.37,0.32
6.18,18,29798.59,2307.2,8853.08,246.32,246.32,772.51,288,670.66,2.49,1,13.02,1.03,33.95,0.67
3.14,9,8379.72,1386.76,7132.82,60.37,60.37,586.27,288,582.48,1.39,1,7.45,1.02,12.29,0.24
1.14,3,2823.14,1411.95,6704.1,11.09,11.09,509.79,288,555.23,1.2,1,6.41,1.02,0,0.14
9.3,27,72775.88,3560.42,9769.73,644.97,644.97,1076.82,288,779.17,4.5,1,22.45,1.05,89.09,1.76
6.18,18,29762.23,2306.75,8802.28,245.94,245.94,762.35,288,663.34,2.51,1,13.21,1.03,33.58,0.67
1.14,3,329.67,1348.89,6721.41,7.51,7.51,450.24,288,546.95,1.1,1,5.84,1.02,5.48,0.07
1.14,3,1543.54,1395.91,6711.64,10.24,10.24,491.44,288,555.77,1.15,1,6.21,1.02,0,0.11
2.09,6,5557.15,1394.26,6799.51,31.51,31.51,564.42,288,567.64,1.3,1,6.97,1.02,0,0.21
1.14,3,5047.5,1352.7,6623.71,7.64,7.64,592.1,288,563.57,1.27,1,6.86,1.02,17.32,0.25
5.14,15,21633.9,1924.32,8488.64,175.27,175.27,720.59,288,641.94,2.08,1,11.16,1.03,25.82,0.51
9.3,27,72757.86,3560.37,9740.64,644.7,644.7,1079.32,288,777.65,4.54,1,23.02,1.05,90.06,1.78
2.09,6,3842.63,1345.6,6814.37,22.55,22.55,544.65,288,565.26,1.23,1,6.64,1.02,21.72,0.19
4.16,12,14725.33,1547.47,7812.82,113.81,113.81,652.53,288,612.23,1.66,1,8.92,1.02,17.68,0.35
4.16,12,14718.29,1547.45,7714.39,113.74,113.74,637.77,288,604.19,1.66,1,8.99,1.02,17.12,0.34
8.21,24,50991.13,3087.36,9300.68,437.93,437.93,927.56,288,731.14,3.6,1,18.68,1.04,60.9,1.21
3.14,9,8379.83,1386.76,7135.93,60.37,60.37,582.99,288,581.61,1.39,1,7.43,1.02,12.16,0.24
1.14,3,293.26,1339.74,6708.89,6.98,6.98,451.44,288,545.82,1.09,1,5.83,1.02,10.62,0.08
5.14,15,21623.77,1924.32,8461.24,175.24,175.24,698.14,288,632.77,2.09,1,11.15,1.03,24.74,0.49
2.09,6,6853.1,1365.25,6776.38,26.13,26.13,600.08,288,569.34,1.33,1,7.13,1.02,14.67,0.27
5.14,15,21635.85,1924.32,8494.46,175.32,175.32,723.81,288,643.45,2.08,1,11.15,1.03,25.97,0.51
4.16,12,14725.07,1547.47,7806.75,113.79,113.79,655.19,288,612.71,1.66,1,8.94,1.02,17.81,0.35
2.09,6,4893.83,1344.56,6800.9,22.39,22.39,579.93,288,570.58,1.26,1,6.86,1.02,23.77,0.23
1.14,3,1107.37,1351.99,6632.79,7.58,7.58,471.88,288,546.65,1.13,1,6.07,1.02,9.56,0.1
7.15,21,38994.75,2678.07,9124.77,332.22,332.22,821.76,288,688.65,2.98,1,15.55,1.04,43.79,0.87
6.18,18,29789.59,2307.53,8817.45,246.22,246.22,795.09,288,673.93,2.51,1,13.38,1.03,35.5,0.7
4.16,12,14717.32,1547.44,7696.11,113.72,113.72,640.39,288,604.16,1.67,1,9.04,1.02,17.27,0.34
1.14,3,6245.62,1395.28,6691.23,10.26,10.26,637.13,288,576.91,1.31,1,7.16,1.02,0,0.28
2.09,6,6441.72,1356.07,6829.29,24.52,24.52,620.05,288,577.86,1.31,1,7.12,1.02,19.88,0.28
4.16,12,14724.32,1547.47,7793.69,113.8,113.8,656.45,288,612.53,1.66,1,8.97,1.02,17.88,0.35
2.09,6,3248.1,1379.15,6816.04,28.63,28.63,507.22,288,560.49,1.22,1,6.53,1.02,1.98,0.13
1.14,3,2852.59,1415.93,6737.28,11.5,11.5,533.72,288,563.91,1.2,1,6.5,1.02,0,0.16
3.14,9,8377.93,1386.75,7098.02,60.35,60.35,582.04,288,579.97,1.39,1,7.47,1.02,12.14,0.24
6.18,18,29769.93,2307.12,8812.32,245.98,245.98,782.97,288,670.09,2.51,1,13.31,1.03,34.79,0.69
4.16,12,14717.38,1547.44,7699.73,113.73,113.73,637.31,288,603.46,1.67,1,9.01,1.02,17.12,0.34
6.18,18,29761.8,2306.85,8791.14,246.01,246.01,769.54,288,664.4,2.51,1,13.32,1.03,34.08,0.68
6.18,18,29761.33,2306.79,8804.64,246,246,782.59,288,669.32,2.51,1,13.34,1.03,34.8,0.69
5.14,15,21630.16,1924.31,8477.31,175.24,175.24,718.76,288,640.26,2.08,1,11.2,1.03,25.78,0.51
6.18,18,29797.93,2307.23,8846.99,246.3,246.3,780.51,288,672.41,2.5,1,13.11,1.03,34.46,0.68
8.21,24,50994.22,3087.54,9322.26,438.01,438.01,921.31,288,735.03,3.56,1,18.16,1.04,59.78,1.18
7.15,21,38994.12,2678.07,9124.69,332.34,332.34,826.78,288,690.07,2.98,1,15.59,1.04,44.14,0.87
5.14,15,21625.77,1924.31,8464.18,175.24,175.24,709.97,288,636.42,2.09,1,11.22,1.03,25.37,0.5
6.18,18,29790.06,2307.49,8818.15,246.22,246.22,782.45,288,670.42,2.51,1,13.28,1.03,34.74,0.69
4.16,12,14717.99,1547.45,7716.89,113.74,113.74,628.23,288,601.66,1.66,1,8.92,1.02,16.68,0.33
2.09,6,6491.69,1356.73,6839.41,24.63,24.63,620.37,288,578.18,1.31,1,7.12,1.02,19.53,0.28
2.09,6,4947.54,1344.78,6825.52,22.44,22.44,578.25,288,570.79,1.26,1,6.83,1.02,23.5,0.23
2.09,6,6470.04,1388.22,6779.87,30.39,30.39,590.02,288,570.17,1.32,1,7.14,1.02,1.71,0.24
3.14,9,8379.33,1386.76,7126.17,60.36,60.36,583.67,288,581.47,1.39,1,7.44,1.02,12.19,0.24
4.16,12,14725.17,1547.47,7810.79,113.79,113.79,653.42,288,612.39,1.66,1,8.93,1.02,17.72,0.35
2.09,6,4326,1344.07,6808.17,22.3,22.3,561.82,288,567.91,1.24,1,6.74,1.02,23.51,0.21
9.3,27,72770.42,3560.42,9770.87,644.78,644.78,1089.67,288,782.35,4.5,1,22.6,1.05,90.29,1.79
8.21,24,50992.13,3087.4,9303.47,437.98,437.98,930.88,288,732.67,3.59,1,18.66,1.04,61.09,1.21
1.14,3,3015.89,1353.25,6604.69,7.7,7.7,540.9,288,556.93,1.2,1,6.54,1.02,16,0.18
9.3,27,72773.94,3560.42,9759.54,644.88,644.88,1064.88,288,775.44,4.51,1,22.49,1.05,88.2,1.75
1.14,3,3998.09,1389.98,6642.36,9.86,9.86,562.23,288,562.9,1.24,1,6.75,1.02,4.31,0.2
1.14,3,314.8,1344.55,6710.05,7.23,7.23,448.23,288,545.39,1.1,1,5.83,1.02,7.56,0.07
8.21,24,50996.99,3087.61,9318.27,438.06,438.06,935.98,288,737.69,3.57,1,18.42,1.04,61.1,1.21
7.15,21,38982.93,2678.08,9133.48,332.13,332.13,835.47,288,694.7,2.96,1,15.51,1.04,44.55,0.88
1.14,3,786.49,1369.05,6678.4,8.61,8.61,463.42,288,548.75,1.12,1,6.01,1.02,0,0.08
4.16,12,14717.65,1547.45,7709.14,113.73,113.73,631.66,288,602.29,1.67,1,8.96,1.02,16.85,0.33
3.14,9,8374.05,1386.72,7021.11,60.3,60.3,583.58,288,577.63,1.39,1,7.57,1.02,12.25,0.24
4.16,12,14719.97,1547.45,7741.7,113.75,113.75,636.98,288,605.08,1.66,1,8.94,1.02,17.05,0.34
7.15,21,39005.8,2678.03,9117.65,332.36,332.36,813.72,288,684.62,2.99,1,15.62,1.04,43.38,0.86
9.3,27,72774.95,3560.44,9788.42,644.98,644.98,1099.23,288,786.13,4.48,1,22.39,1.05,90.71,1.8
8.21,24,50993.5,3087.48,9303.5,437.95,437.95,910.56,288,727.44,3.59,1,18.43,1.04,59.43,1.18
2.09,6,4351.08,1392.8,6737.71,31.19,31.19,532.71,288,561.21,1.26,1,6.83,1.02,0,0.17
9.3,27,72761.26,3560.38,9734.56,644.72,644.72,1061.24,288,772.76,4.54,1,22.9,1.05,88.47,1.75
5.14,15,21630.46,1924.33,8483.27,175.29,175.29,700.13,288,635.6,2.08,1,11.05,1.03,24.75,0.49
6.18,18,29761.34,2306.85,8790.17,246,246,777.08,288,666.46,2.51,1,13.38,1.03,34.55,0.68
7.15,21,38980.83,2678.08,9134.95,332.16,332.16,840.94,288,696.62,2.96,1,15.52,1.04,44.89,0.89
1.14,3,418.76,1353.84,6671.03,7.78,7.78,458.61,288,548.3,1.1,1,5.95,1.02,4.64,0.08
4.16,12,14722.4,1547.46,7778.57,113.77,113.77,638.06,288,606.87,1.66,1,8.88,1.02,17.06,0.34
9.3,27,72764.64,3560.4,9765.21,645.05,645.05,1095.89,288,783.37,4.51,1,22.79,1.05,91.03,1.8
4.16,12,14722.41,1547.47,7783.73,113.76,113.76,631.59,288,605.27,1.66,1,8.83,1.02,16.76,0.33
7.15,21,39006.06,2678.02,9116.47,332.35,332.35,824.06,288,687.3,2.99,1,15.72,1.04,44.12,0.87
1.14,3,4261.48,1415.86,6731.13,11.47,11.47,567.54,288,567.21,1.25,1,6.74,1.02,0,0.2
2.09,6,3538.1,1347.43,6810.93,22.88,22.88,534.02,288,563.61,1.22,1,6.58,1.02,20.41,0.18
1.14,3,891.85,1366.9,6660.33,8.35,8.35,448.82,288,542.46,1.12,1,5.95,1.02,0,0.07
6.18,18,29762.18,2306.84,8793.14,246.03,246.03,762.6,288,662.6,2.51,1,13.26,1.03,33.65,0.67
4.16,12,14720.03,1547.45,7743.42,113.76,113.76,634.81,288,604.55,1.66,1,8.92,1.02,16.95,0.34
3.14,9,8378.9,1386.76,7120.43,60.35,60.35,577.42,288,579.39,1.39,1,7.42,1.02,11.94,0.24
4.16,12,14723.67,1547.47,7801.8,113.79,113.79,633.89,288,606.63,1.66,1,8.82,1.02,16.85,0.33
2.09,6,5133.91,1394.17,6844.11,31.5,31.5,549.06,288,566.34,1.28,1,6.83,1.02,0,0.19
6.18,18,29793.98,2307.32,8830.53,246.25,246.25,771,288,668.25,2.5,1,13.13,1.03,33.98,0.67
8.21,24,50997.39,3087.6,9317.82,438.14,438.14,946.94,288,740.3,3.58,1,18.58,1.04,62.03,1.23
6.18,18,29775.66,2307.3,8813.82,246.05,246.05,791.73,288,672.69,2.51,1,13.37,1.03,35.31,0.7
8.21,24,50997.22,3087.62,9321.07,438.14,438.14,937.67,288,738.84,3.57,1,18.39,1.04,61.16,1.21
9.3,27,72765.4,3560.41,9773.04,645.06,645.06,1101.91,288,785.41,4.5,1,22.73,1.05,91.39,1.81
4.16,12,14719.19,1547.45,7732.39,113.73,113.73,632.59,288,603.49,1.66,1,8.93,1.02,16.86,0.33
3.14,9,8376.75,1386.74,7078.2,60.33,60.33,576.86,288,577.71,1.39,1,7.47,1.02,11.94,0.24
8.21,24,50993.97,3087.49,9307,437.96,437.96,930.35,288,733.41,3.59,1,18.58,1.04,60.95,1.21
2.09,6,3674.7,1385.29,6859.14,29.79,29.79,511.99,288,561.49,1.23,1,6.54,1.02,0,0.14
5.14,15,21638.67,1924.34,8506.61,175.33,175.33,717.18,288,642.83,2.08,1,11.04,1.03,25.56,0.51
7.15,21,39003.65,2678.05,9120.86,332.44,332.44,798.05,288,680.85,2.98,1,15.43,1.04,42.22,0.84
4.16,12,14725.37,1547.48,7826.84,113.81,113.81,636.3,288,608.29,1.65,1,8.79,1.02,16.93,0.34
4.16,12,14718.3,1547.45,7728.12,113.74,113.74,620.6,288,599.99,1.66,1,8.86,1.02,16.31,0.32
1.14,3,400.15,1351.78,6667.74,7.65,7.65,457.41,288,547.64,1.1,1,5.94,1.02,5.67,0.08
2.09,6,3179.71,1350.48,6783.8,23.39,23.39,525.28,288,562,1.21,1,6.56,1.02,17.98,0.16
1.14,3,2413.72,1366.3,6611.94,8.46,8.46,518.15,288,554.86,1.18,1,6.43,1.02,7.72,0.15
8.21,24,50993.26,3087.46,9298.56,438.07,438.07,910.82,288,726.28,3.6,1,18.53,1.04,59.59,1.18
8.21,24,50988.53,3087.25,9298.68,437.97,437.97,928.4,288,730.87,3.6,1,18.73,1.04,61.02,1.21
8.21,24,50994.67,3087.53,9313.29,438,438,927.05,288,734.16,3.58,1,18.42,1.04,60.51,1.2
2.09,6,2871.88,1364.92,6856.89,26.01,26.01,499.17,288,559.33,1.2,1,6.39,1.02,9.22,0.13
8.21,24,50985.41,3087.16,9294.25,438.04,438.04,923.18,288,728.45,3.61,1,18.75,1.04,60.71,1.2
4.16,12,14724.52,1547.47,7811.68,113.8,113.8,638.33,288,608.26,1.66,1,8.83,1.02,17.04,0.34
6.18,18,29792.1,2307.4,8824.37,246.2,246.2,777.48,288,669.56,2.5,1,13.21,1.03,34.4,0.68
5.14,15,21625.76,1924.33,8469.28,175.26,175.26,691.1,288,631.58,2.09,1,11.06,1.03,24.32,0.48
9.3,27,72756.92,3560.36,9732.35,644.68,644.68,1069.78,288,774.76,4.55,1,23.05,1.05,89.34,1.77
2.09,6,6651.06,1385.1,6797.1,29.81,29.81,591.77,288,570.28,1.33,1,7.13,1.02,3.62,0.25
1.14,3,1046.23,1375.42,6673.03,8.9,8.9,459.24,288,545.8,1.13,1,6.02,1.02,0,0.08
3.14,9,8380.42,1386.76,7143.41,60.38,60.38,593.58,288,585.05,1.39,1,7.47,1.02,12.58,0.25
7.15,21,38977.06,2678.08,9138.96,332.16,332.16,841.31,288,697.71,2.96,1,15.46,1.04,44.83,0.89
5.14,15,21622.41,1924.31,8454.16,175.2,175.2,707.32,288,634.63,2.09,1,11.25,1.03,25.27,0.5
3.14,9,8379.36,1386.76,7129.84,60.36,60.36,577.96,288,579.88,1.39,1,7.41,1.02,11.96,0.24
4.16,12,14722.03,1547.47,7780.65,113.76,113.76,627.27,288,603.95,1.66,1,8.81,1.02,16.56,0.33
7.15,21,38984.15,2678.09,9135.14,332.19,332.19,815.73,288,689.42,2.96,1,15.32,1.04,43.15,0.85
5.14,15,21639.88,1924.35,8513.1,175.33,175.33,711.97,288,642.01,2.07,1,10.97,1.03,25.26,0.5
7.15,21,38982.15,2678.08,9135.54,332.16,332.16,826.35,288,692.59,2.96,1,15.4,1.04,43.88,0.87
3.14,9,8377.92,1386.75,7101.45,60.34,60.34,577.57,288,578.76,1.39,1,7.44,1.02,11.96,0.24
4.16,12,14724.1,1547.47,7804.71,113.79,113.79,636.96,288,607.6,1.66,1,8.83,1.02,16.98,0.34
4.16,12,14718.69,1547.45,7722.16,113.74,113.74,634.3,288,603.55,1.66,1,8.95,1.02,16.95,0.34
4.16,12,14719.76,1547.45,7740.72,113.76,113.76,631.76,288,603.6,1.66,1,8.91,1.02,16.82,0.33
7.15,21,38987.57,2678.08,9131.69,332.2,332.2,816.05,288,688.68,2.97,1,15.39,1.04,43.25,0.86
1.14,3,7350.14,1358.42,6706.51,8.09,8.09,659.91,288,577.13,1.33,1,7.19,1.02,13.49,0.33
9.3,27,72766.18,3560.4,9748.54,645.06,645.06,1069.37,288,775.72,4.53,1,22.75,1.05,88.91,1.76
7.15,21,38995.48,2678.06,9122.59,332.32,332.32,835.99,288,692.2,2.98,1,15.7,1.04,44.81,0.89
4.16,12,14722.33,1547.46,7771.73,113.77,113.77,646.85,288,609.01,1.66,1,8.95,1.02,17.47,0.35
3.14,9,8379.24,1386.76,7115.2,60.36,60.36,601.28,288,586.32,1.39,1,7.55,1.02,12.9,0.26
4.16,12,14723.57,1547.47,7796.34,113.79,113.79,639.07,288,607.86,1.66,1,8.86,1.02,17.09,0.34
9.3,27,72775,3560.42,9770.03,644.99,644.99,1078.79,288,779.68,4.5,1,22.47,1.05,89.27,1.77
9.3,27,72762.82,3560.39,9753.5,645.01,645.01,1084.56,288,779.8,4.52,1,22.86,1.05,90.25,1.79
2.09,6,5358.65,1346.11,6809.1,22.69,22.69,592.46,288,572.72,1.28,1,6.94,1.02,23.51,0.25
9.3,27,72777.52,3560.41,9761.74,645.15,645.15,1060.41,288,774.52,4.51,1,22.39,1.05,87.72,1.74
5.14,15,21634.39,1924.33,8493.92,175.32,175.32,710.26,288,639.57,2.08,1,11.06,1.03,25.25,0.5
2.09,6,6985.95,1373.55,6767.06,27.66,27.66,604.9,288,570.49,1.33,1,7.2,1.02,10.47,0.27
7.15,21,38990.34,2678.07,9125.96,332.18,332.18,842.42,288,694.85,2.97,1,15.69,1.04,45.18,0.9
4.16,12,14726.22,1547.48,7836.94,113.82,113.82,640.77,288,609.93,1.65,1,8.8,1.02,17.12,0.34
5.14,15,21631.8,1924.32,8484.54,175.27,175.27,710.96,288,638.8,2.08,1,11.11,1.03,25.33,0.5
7.15,21,38982.76,2678.08,9133.47,332.11,332.11,837.17,288,695.19,2.96,1,15.52,1.04,44.66,0.88
1.14,3,3599.91,1381.83,6619.45,9.32,9.32,543.8,288,557.88,1.23,1,6.64,1.02,6.15,0.18
6.18,18,29761.74,2306.76,8802.39,245.96,245.96,771.87,288,666.07,2.51,1,13.28,1.03,34.16,0.68
9.3,27,72766.45,3560.41,9776.57,645.06,645.06,1105.41,288,786.52,4.5,1,22.71,1.05,91.63,1.81
4.16,12,14721.45,1547.46,7766.7,113.75,113.75,633.2,288,605.04,1.66,1,8.87,1.02,16.85,0.33
8.21,24,50993.71,3087.49,9309.53,437.96,437.96,911.74,288,729.27,3.58,1,18.32,1.04,59.36,1.18
9.3,27,72772.24,3560.42,9771.32,644.77,644.77,1086.78,288,781.7,4.5,1,22.55,1.05,90,1.78
4.16,12,14722.79,1547.46,7778.01,113.78,113.78,645.56,288,608.91,1.66,1,8.93,1.02,17.41,0.35
7.15,21,39001.08,2678.04,9119.87,332.36,332.36,823.58,288,687.99,2.98,1,15.65,1.04,44.02,0.87
5.14,15,21627.33,1924.33,8474.78,175.23,175.23,692.67,288,632.6,2.09,1,11.04,1.03,24.38,0.48
7.15,21,38976.32,2678.08,9142.02,332.01,332.01,826.79,288,694.29,2.95,1,15.29,1.04,43.77,0.87
9.3,27,72759.76,3560.37,9743.88,644.94,644.94,1080.61,288,778.17,4.53,1,22.98,1.05,90.1,1.78
3.14,9,8376.28,1386.74,7074.15,60.31,60.31,565.96,288,574.28,1.39,1,7.41,1.02,11.5,0.23
3.14,9,8380.33,1386.76,7144.42,60.37,60.37,588.53,288,583.58,1.39,1,7.45,1.02,12.38,0.25
1.14,3,7013.58,1346.27,6661.22,7.41,7.41,667.5,288,577.61,1.32,1,7.23,1.02,20.47,0.33
4.16,12,14721.31,1547.46,7757.6,113.77,113.77,641.45,288,606.96,1.66,1,8.94,1.02,17.24,0.34
7.15,21,39009.38,2678.01,9115.83,332.44,332.44,809.54,288,682.98,2.99,1,15.62,1.04,43.13,0.85
4.16,12,14723.56,1547.47,7799.78,113.79,113.79,634.74,288,606.79,1.66,1,8.83,1.02,16.89,0.33
7.15,21,38998.87,2678.06,9123.04,332.38,332.38,809.29,288,684.63,2.98,1,15.48,1.04,42.96,0.85
3.14,9,8375.55,1386.74,7057.23,60.32,60.32,568.95,288,574.58,1.39,1,7.45,1.02,11.63,0.23
9.3,27,72767.52,3560.41,9776.97,644.84,644.84,1102.45,288,785.86,4.5,1,22.66,1.05,91.34,1.81
8.21,24,50989.74,3087.29,9296.82,438.04,438.04,922.97,288,729.01,3.6,1,18.7,1.04,60.63,1.2
4.16,12,14719.42,1547.45,7736.31,113.75,113.75,630.88,288,603.18,1.66,1,8.91,1.02,16.78,0.33
5.14,15,21624,1924.32,8462.09,175.25,175.25,694.29,288,631.76,2.09,1,11.12,1.03,24.53,0.49
9.3,27,72763.65,3560.38,9762.03,644.86,644.86,1094.5,288,782.8,4.51,1,22.83,1.05,90.98,1.8
5.14,15,21628.55,1924.34,8480.19,175.24,175.24,688.53,288,631.96,2.08,1,10.98,1.03,24.14,0.48
8.21,24,50991.8,3087.38,9297.6,437.97,437.97,919.11,288,728.2,3.6,1,18.64,1.04,60.29,1.19
4.16,12,14718.75,1547.46,7736.17,113.73,113.73,618.53,288,599.73,1.66,1,8.83,1.02,16.2,0.32